epoch,pid,pcpu,rss_kb,vsz_kb,etime
1785838495,61382,98.4,519344,415118016,07:26
1785838500,61382,99.0,624048,415118016,07:31
1785838505,61382,100.0,669712,415118016,07:36
1785838510,61382,100.0,501600,415118016,07:41
1785838515,61382,99.7,556384,415118016,07:46
1785838520,61382,100.0,611264,415118016,07:51
1785838525,61382,99.0,649184,415118016,07:56
1785838530,61382,100.0,696560,415118016,08:01
1785838535,61382,99.0,740112,415118016,08:06
1785838540,61382,100.0,725264,415118016,08:11
1785838545,61382,100.0,736992,415118016,08:16
1785838550,61382,100.0,773072,415118016,08:21
1785838555,61382,99.8,591904,415118016,08:26
1785838560,61382,100.0,663424,415118016,08:31
1785838565,61382,85.9,2052288,414357504,08:36
1785838570,61382,98.8,2749808,414691264,08:41
1785838575,61382,98.4,1942336,414524384,08:46
1785838580,61382,99.5,1921968,414524384,08:51
1785838585,61382,100.0,1595808,414524384,08:56
1785838590,61382,99.7,1382512,414524384,09:01
1785838595,61382,100.0,1382720,414524384,09:06
1785838600,61382,99.0,1382752,414524384,09:11
1785838605,61382,100.0,1380288,414524384,09:16
1785838610,61382,99.1,1321200,414524384,09:21
1785838615,61382,99.3,1321280,414524384,09:26
1785838620,61382,100.0,1321280,414524384,09:31
1785838625,61382,99.1,1231040,414524384,09:36
1785838630,61382,100.0,1010432,414524384,09:41
1785838635,61382,99.2,1114384,414524384,09:46
1785838640,61382,94.2,1706480,414510928,09:51
1785838645,61382,99.6,2706128,415065664,09:56
1785838650,61382,99.1,2724176,415093312,10:01
1785838655,61382,100.0,2725056,415093312,10:06
1785838660,61382,99.1,2725776,415094336,10:11
1785838665,61382,98.5,2544288,415094336,10:16
1785838670,61382,100.0,2545376,415094336,10:21
1785838675,61382,99.1,2545776,415094336,10:26
1785838680,61382,100.0,2524544,415094336,10:31
1785838685,61382,98.8,2361184,415094336,10:36
1785838690,61382,99.8,1351392,415094336,10:41
1785838695,61382,100.0,1350912,415094336,10:46
1785838700,61382,100.0,1299280,415094336,10:51
1785838705,61382,100.0,1122192,415094336,10:56
1785838710,61382,100.0,1146336,415094336,11:01
1785838715,61382,99.3,1115328,415094336,11:06
1785838720,61382,99.1,1062176,415094336,11:11
1785838725,61382,100.0,1066256,415094336,11:16
1785838730,61382,99.0,1088960,415094336,11:21
1785838735,61382,100.0,1142640,415094336,11:26
1785838740,61382,99.3,1198784,415094336,11:31
1785838745,61382,100.0,1233856,415094336,11:36
1785838750,61382,100.0,1186832,415094336,11:41
1785838755,61382,98.8,1137424,415094336,11:46
1785838760,61382,100.0,1197920,415094336,11:51
1785838766,61382,100.0,1167616,415094336,11:57
1785838771,61382,100.0,1057088,415094336,12:02
1785838776,61382,100.0,1080624,415094336,12:07
1785838781,61382,100.0,1097536,415094336,12:12
1785838786,61382,100.0,1099488,415094336,12:17
1785838791,61382,100.0,1093952,415094336,12:22
1785838796,61382,100.0,1145616,415094336,12:27
1785838801,61382,100.0,1198960,415094336,12:32
1785838806,61382,100.0,1267840,415094336,12:37
1785838811,61382,99.7,1246496,415094336,12:42
1785838816,61382,99.0,1217712,415094336,12:47
1785838821,61382,98.9,3006624,414532944,12:52
1785838826,61382,100.0,2876864,414531280,12:57
1785838831,61382,99.3,2883184,414531280,13:02
1785838836,61382,99.3,2981936,414531280,13:07
1785838841,61382,100.0,2982400,414531280,13:12
1785838846,61382,100.0,2982384,414531280,13:17
1785838851,61382,99.0,2982384,414531280,13:22
1785838856,61382,99.1,2965552,414531280,13:27
1785838861,61382,99.3,2661920,414531280,13:32
1785838866,61382,99.0,2445152,414531280,13:37
1785838871,61382,99.1,1883664,414531280,13:42
1785838876,61382,99.0,1709312,414531280,13:47
1785838881,61382,100.0,1699968,414531280,13:52
1785838886,61382,100.0,1672976,414531280,13:57
1785838891,61382,100.0,1552736,414531280,14:02
1785838896,61382,91.9,2109424,414533936,14:07
1785838901,61382,99.1,2667456,415013584,14:12
1785838906,61382,100.0,2487888,415014608,14:17
1785838911,61382,96.1,2008640,415014608,14:22
1785838916,61382,100.0,2024512,415014608,14:27
1785838921,61382,100.0,2034704,415014608,14:32
1785838926,61382,100.0,1956560,415014608,14:37
1785838931,61382,99.4,1260896,415014608,14:42
1785838936,61382,100.0,1214704,415014608,14:47
1785838941,61382,99.3,1075696,415014608,14:52
1785838946,61382,100.0,1052992,415014608,14:57
1785838951,61382,99.1,970528,415014608,15:02
1785838956,61382,99.1,1016480,415014608,15:07
1785838961,61382,100.0,1086928,415014608,15:12
1785838966,61382,100.0,1031712,415014608,15:17
1785838971,61382,100.0,1055008,415014608,15:22
1785838976,61382,99.4,1000144,415014608,15:27
1785838981,61382,100.0,870336,415014608,15:32
1785838986,61382,100.0,874352,415014608,15:37
1785838991,61382,100.0,811120,415014608,15:42
1785838996,61382,100.0,871744,415014608,15:47
1785839001,61382,88.5,716224,415014608,15:52
1785839006,61382,99.0,337536,415014608,15:57
1785839011,61382,100.0,394752,415014608,16:02
1785839016,61382,99.1,437440,415014608,16:07
1785839021,61382,99.0,493504,415014608,16:12
1785839026,61382,100.0,492336,415014608,16:17
1785839031,61382,98.4,397136,415014608,16:22
1785839036,61382,98.4,337264,415014608,16:27
1785839042,61382,98.0,311264,415014608,16:32
1785839047,61382,99.5,353616,415014608,16:38
1785839052,61382,100.0,172000,415015632,16:43
1785839057,61382,99.3,169264,415015632,16:48
1785839062,61382,100.0,219504,415015632,16:53
1785839067,61382,100.0,257968,415015632,16:58
1785839072,61382,100.0,527104,415033200,17:03
1785839077,61382,100.0,3159168,414507504,17:08
1785839082,61382,99.7,2877584,414505840,17:13
1785839087,61382,99.1,2910960,414505840,17:18
1785839092,61382,99.0,2810928,414539216,17:23
1785839097,61382,100.0,2364368,414539216,17:28
1785839102,61382,99.1,2167904,414539216,17:33
1785839107,61382,99.6,1298976,414539216,17:38
1785839112,61382,100.0,1049520,414539216,17:43
1785839117,61382,99.0,1048656,414539216,17:48
1785839122,61382,100.0,1045440,414539216,17:53
1785839127,61382,100.0,989280,414539216,17:58
1785839132,61382,99.0,989808,414539216,18:03
1785839137,61382,100.0,990864,414539216,18:08
1785839142,61382,100.0,747632,414539216,18:13
1785839147,61382,99.0,1355584,414539216,18:18
1785839152,61382,98.4,2173600,414522416,18:23
1785839157,61382,93.7,1312112,415048272,18:28
1785839162,61382,100.0,704944,415049296,18:33
1785839167,61382,98.0,594288,415049296,18:38
1785839172,61382,92.8,277184,415049296,18:43
1785839177,61382,99.4,148800,415049296,18:48
1785839182,61382,99.0,144256,415049296,18:53
1785839187,61382,100.0,198256,415049296,18:58
1785839192,61382,98.9,227168,415049296,19:03
1785839197,61382,100.0,270336,415049296,19:08
1785839202,61382,98.8,254096,415049296,19:13
1785839207,61382,100.0,295936,415049296,19:18
1785839212,61382,100.0,284368,415049296,19:23
1785839217,61382,100.0,300624,415049296,19:28
1785839222,61382,99.6,309072,415049296,19:33
1785839227,61382,100.0,340624,415049296,19:38
1785839232,61382,99.1,250016,415049296,19:43
1785839237,61382,98.2,163408,415049296,19:48
1785839242,61382,100.0,217616,415049296,19:53
1785839247,61382,98.2,185440,415049296,19:58
1785839252,61382,99.0,229360,415049296,20:03
1785839257,61382,98.2,254176,415049296,20:08
1785839262,61382,100.0,248848,415049296,20:13
1785839267,61382,99.7,213600,415049296,20:18
1785839272,61382,99.7,125424,415049296,20:23
1785839277,61382,97.1,121488,415049296,20:28
1785839282,61382,98.2,96480,415049296,20:33
1785839287,61382,98.5,84928,415049296,20:38
1785839292,61382,100.0,92848,415049296,20:43
1785839297,61382,100.0,109648,415049296,20:48
1785839302,61382,98.4,127696,415049296,20:53
1785839307,61382,100.0,175296,415049296,20:58
1785839312,61382,99.8,218944,415049296,21:03
1785839317,61382,98.4,171632,415050320,21:08
1785839323,61382,97.9,189472,415050320,21:13
1785839328,61382,95.7,181888,415050320,21:19
1785839333,61382,80.7,1697888,415322288,21:24
1785839338,61382,99.4,774288,414933808,21:29
1785839343,61382,99.0,1094112,414932144,21:34
1785839348,61382,91.8,382160,414932144,21:39
1785839353,61382,95.3,733984,414932144,21:44
1785839358,61382,99.3,630912,414932144,21:49
1785839363,61382,100.0,49952,414932144,21:54
1785839368,61382,100.0,46288,414932144,21:59
1785839373,61382,92.6,47312,414932144,22:04
1785839378,61382,98.5,47056,414932144,22:09
1785839383,61382,99.9,59792,414932144,22:14
1785839388,61382,100.0,56720,414932144,22:19
1785839393,61382,100.0,55648,414932144,22:24
1785839398,61382,99.0,54176,414932144,22:29
1785839403,61382,100.0,41344,414932144,22:34
1785839408,61382,99.0,507056,414932144,22:39
1785839413,61382,96.4,1305824,414934176,22:44
1785839418,61382,99.1,2159168,415065296,22:49
1785839423,61382,88.8,1042736,415425296,22:54
1785839428,61382,100.0,815536,415426320,22:59
1785839433,61382,95.5,338880,415426320,23:04
1785839438,61382,98.5,477984,415426320,23:09
1785839443,61382,100.0,545008,415426320,23:14
1785839448,61382,98.8,613056,415426320,23:19
1785839453,61382,93.4,371568,415426320,23:24
1785839458,61382,98.8,121424,415426320,23:29
1785839463,61382,99.4,176688,415426320,23:34
1785839468,61382,89.4,208064,415426320,23:39
1785839473,61382,99.7,233936,415426320,23:44
1785839478,61382,100.0,247920,415426320,23:49
1785839483,61382,100.0,292368,415426320,23:54
1785839488,61382,100.0,317328,415426320,23:59
1785839493,61382,100.0,379104,415426320,24:04
1785839498,61382,99.1,441024,415426320,24:09
1785839503,61382,99.1,491920,415426320,24:14
1785839508,61382,99.0,538208,415426320,24:19
1785839513,61382,99.4,576320,415426320,24:24
1785839518,61382,99.8,583872,415426320,24:29
1785839523,61382,100.0,625600,415426320,24:34
1785839528,61382,100.0,572112,415426320,24:39
1785839533,61382,97.8,586832,415426320,24:44
1785839538,61382,99.6,630128,415426320,24:49
1785839543,61382,99.1,622768,415426320,24:54
1785839548,61382,100.0,679440,415426320,24:59
1785839553,61382,98.9,689520,415426320,25:04
1785839558,61382,99.0,709408,415426320,25:09
1785839563,61382,99.5,673136,415426320,25:14
1785839568,61382,100.0,722000,415426320,25:19
1785839573,61382,100.0,756176,415426320,25:24
1785839578,61382,100.0,741712,415427344,25:29
1785839583,61382,100.0,806880,415427344,25:34
1785839588,61382,100.0,679936,415427344,25:39
1785839593,61382,100.0,469760,415427344,25:44
