trade_id,base_trade_id,entry_model_key,entry_family,ob_id,direction,structure_tag,detection_time,fill_time,fill_session,exit_time,outcome,entry,stop,tp,risk,rr_multiple,pnl_r,gross_r,spread_cost_r,slippage_cost_r,commission_r,total_cost_r,net_r,fill_candle_open,fill_candle_high,fill_candle_low,fill_candle_close,fill_candle_index,exit_candle_index,bars_to_exit,minutes_to_exit,same_candle_exit,max_ob_penetration_price,max_ob_penetration_pct,max_ob_penetration_pips,ob_fully_breached,fill_penetration_pct,fill_penetration_pips,entry_depth_pct,ob_entry_depth_pct,effective_entry_depth_pct,original_edge_entry,adjusted_entry,max_distance_away_before_fill_price,max_distance_away_before_fill_pips,max_distance_away_before_fill_r,stop_buffer,stop_buffer_pips,rr_config,protection_mode,protection_threshold_pct,protection_exit_reason,protection_exit_price,protection_trigger_time,protection_trigger_penetration_pct,close_confirmed_ob_breach,close_breach_time,close_breach_price,close_breach_distance_pips,close_breach_distance_pct,close_breach_session,close_breach_hour,entry_model,entry_threshold_pct,planned_entry_price,actual_entry_price,entry_model_filled,trigger_penetration_pct,trigger_time,trigger_candle_index,armed_at,armed_on_trigger_candle,armed_same_candle,filled_on_trigger_candle,same_candle_entry_allowed,fill_delay_candles,entry_level_pct,edge_revisit_time,trigger_to_entry_minutes,cancelled_before_entry,cancel_reason,tapped_before_trigger,tapped_time,tapped_candle_index,retrace_cancel_time,retrace_cancel_distance_pips,missed_trade,missed_reason,bars_to_fill,minutes_to_fill,news_blackout,news_blackout_trigger_time,news_blackout_event_time,news_blackout_currency,news_blackout_impact,news_blackout_event,news_blackout_window_start,news_blackout_window_end,news_blackout_minutes_from_event,news_action,paused_reason,paused_at,paused_window_start,paused_window_end,rearmed_at,blackout_event_time,blackout_currency,blackout_impact,news_touch_cancel_time,news_flatten_time,news_flatten_price,news_flatten_r,news_flatten_target_time,news_flatten_late,news_flatten_minutes_before_blackout,ob_origin_news_window,ob_detection_news_window,ob_origin_news_event,ob_detection_news_event,ob_origin_news_currency,ob_detection_news_currency,ob_origin_news_impact,ob_detection_news_impact,ob_origin_news_event_time,ob_detection_news_event_time,ob_origin_news_window_start,ob_origin_news_window_end,ob_detection_news_window_start,ob_detection_news_window_end,ob_origin_minutes_from_news,ob_detection_minutes_from_news,delay_candles_configured,arm_candle_index,exited_ob_before_arm,ob_occupied_at_arm,armed_after_ob_exit,ob_exit_candle_index,ob_exit_time,price_distance_from_ob_at_arm_pips,delay_window_min_price,delay_window_max_price,retraced_out_before_arm,fft_move_away_pips_at_cancel,mfe_r,mae_r,r_if_no_target,r_if_no_target_model,bookable_mfe_r,bookable_mfe_model,mae_r_to_original_exit,post_stop_mfe_r,post_stop_reached_original_tp,post_stop_bars_to_1r,post_stop_lookahead_bars,post_stop_model,ghost_candidate,ghost_trigger_reached,ghost_fill,ghost_outcome,ghost_r,ghost_mae,ghost_mfe,ghost_fill_delay_candles,ghost_fill_session,be_scenario_key,be_arm_level_r,be_trigger_basis,be_armed,be_arm_candle_index,be_arm_time,be_triggered,be_exit_reason,be_exit_r,be_exit_price,be_exit_time,be_exit_candle_index,risk_reduction_applied,risk_reduction_kind,risk_reduction_trigger_r,risk_reduction_stop_r,risk_reduction_source,stop_moved_to_r,stop_move_time,risk_amount,weighted_r,risk_amount_source,execution_trade_number,market_state,trend_state,volatility_state,chop_state,ema_value,ema_relation,px_vs_ema,bbw_value,bbw_threshold,adx_value,state_confirmed,state_known_at,shifted_days,source,version,regime_block_reason,portfolio_policy_version,portfolio_policy_regime,portfolio_decision_reason,portfolio_confidence,portfolio_status,portfolio_cohort_key,state_eligibility
S_28,S_28,entry_triggered_edge_25p0_d3,triggered_edge,28,bearish,CHoCH,2015-02-24 08:15:00+00:00,2015-02-24 15:18:00+00:00,NY PM,2015-02-24 15:23:00+00:00,WIN,1.1341,1.13528,1.1329200000000001,0.0011799999999999589,1.0,0.9491525423728796,1.0,0.016949152542373475,0.03389830508474695,0.0,0.050847457627120424,0.9491525423728796,1.13452,1.13453,1.13345,1.13366,54265,54270,5,5.0,False,0.00042999999999993044,39.81481481480949,4.299999999999304,False,39.81481481480949,4.299999999999304,0.0,0.0,0.0,1.1341,1.1341,0.005270000000000108,52.700000000001076,4.466101694915501,0.0001,1,2,baseline,,,,,,,,,,,,,triggered_edge,25,1.1341,1.1341,True,25,2015-02-24 15:15:00+00:00,54262,2015-02-24 15:15:00+00:00,True,True,False,False,3,0.0,2015-02-24 15:18:00+00:00,3.0,False,,False,,,,,False,,423,423.0,False,,,,,,,,,,,,,,,,,,,,,,,,,False,False,ISM Manufacturing PMI,ISM Manufacturing PMI,USD,USD,high,high,2020-01-03T15:00:00,2020-01-03T15:00:00,2020-01-03T14:57:00,2020-01-03T15:03:00,2020-01-03T14:57:00,2020-01-03T15:03:00,-2555790.0,-2554965.0,3,54265,False,True,False,,,4.4,1.13376,1.13507,False,,2.169492,-1.110169,-1.0,stop_anchored,2.169492,native_fill_rules,-0.364407,,,,,,False,,,,,,,,,,,,False,,,False,,,,,,False,,,,,,,1.0,0.949153,default,11,Bear/Compress,Bear,Compress,Trend,1.1865813294256213,below,-4.485266041678224,1.7348480407280098,2.342,22.76765938831756,True,2015-02-24T00:00:00Z,1.0,engine,regime-1.0.0,,2026-07-09.te-v1.2-surgical-disable,DIRECTION_AWARE,policy_direction_aware,HIGH,ENABLED,EURUSD|ny_pm|choch_short,
S_56,S_56,entry_triggered_edge_25p0_d3,triggered_edge,56,bearish,CHoCH,2015-04-20 10:45:00+00:00,2015-04-23 15:29:00+00:00,NY PM,2015-04-23 15:33:00+00:00,WIN,1.0815,1.08244,1.0803249999999998,0.0009400000000001629,1.25,1.1861702127659686,1.25,0.021276595744677166,0.04255319148935433,0.0,0.0638297872340315,1.1861702127659686,1.08168,1.08212,1.08132,1.08144,114772,114776,4,4.0,False,0.0006200000000000649,73.80952380951625,6.200000000000649,False,73.80952380951625,6.200000000000649,0.0,0.0,0.0,1.0815,1.0815,0.015509999999999913,155.0999999999991,16.499999999997048,0.0001,1,2,baseline,,,,,,,,,,,,,triggered_edge,25,1.0815,1.0815,True,25,2015-04-23 15:26:00+00:00,114769,2015-04-23 15:26:00+00:00,True,True,False,False,3,0.0,2015-04-23 15:29:00+00:00,3.0,False,,True,2015-04-23 14:46:00+00:00,114729,,,False,,4603,4604.0,False,,,,,,,,,,,,,,,,,,,,,,,,,False,False,ISM Manufacturing PMI,ISM Manufacturing PMI,USD,USD,high,high,2020-01-03T15:00:00,2020-01-03T15:00:00,2020-01-03T14:57:00,2020-01-03T15:03:00,2020-01-03T14:57:00,2020-01-03T15:03:00,-2479410.0,-2475615.0,3,114772,False,True,False,,,0.6,1.08118,1.0819,False,,2.297872,-1.0,-1.0,stop_anchored,2.297872,native_fill_rules,-0.659574,,,,,,False,,,,,,,,,,,,False,,,False,,,,,,False,,,,,,,1.0,1.18617,default,19,Bear/Chop,Bear,Expand,Chop,1.145614870587147,below,-6.386515439490482,4.3948654977186425,2.342,16.773021181399848,True,2015-04-23T00:00:00Z,1.0,engine,regime-1.0.0,,2026-07-09.te-v1.2-surgical-disable,DIRECTION_AWARE,policy_direction_aware,HIGH,ENABLED,EURUSD|ny_pm|choch_short,
S_64,S_64,entry_triggered_edge_25p0_d3,triggered_edge,64,bearish,CHoCH,2015-05-04 07:00:00+00:00,2015-05-05 15:33:00+00:00,NY PM,2015-05-06 03:19:00+00:00,LOSS,1.12041,1.12255,1.1161299999999998,0.0021400000000000308,2.0,-1.0280373831775698,-1.0,0.00934579439252323,0.01869158878504646,0.0,0.02803738317756969,-1.0280373831775698,1.11986,1.12077,1.11986,1.12023,126293,126999,706,706.0,False,0.0037800000000001166,185.29411764706074,37.80000000000116,True,17.647058823535815,3.60000000000138,0.0,0.0,0.0,1.12041,1.12041,0.013779999999999903,137.79999999999902,6.439252336448461,0.0001,1,2,baseline,,,,,,,,,,,,,triggered_edge,25,1.12041,1.12041,True,25,2015-05-05 15:28:00+00:00,126288,2015-05-05 15:28:00+00:00,True,True,False,False,5,0.0,2015-05-05 15:33:00+00:00,5.0,False,,True,2015-05-05 15:27:00+00:00,126287,,,False,,1953,1953.0,False,,,,,,,,,,,,,,,,,,,,,,,,,False,False,ISM Manufacturing PMI,ISM Manufacturing PMI,USD,USD,high,high,2020-01-03T15:00:00,2020-01-03T15:00:00,2020-01-03T14:57:00,2020-01-03T15:03:00,2020-01-03T14:57:00,2020-01-03T15:03:00,-2455725.0,-2455680.0,3,126291,True,False,True,126289,2015-05-05 15:29:00+00:00,6.8,1.11945,1.12009,True,,1.53271,-1.766355,-1.0,stop_anchored,1.53271,native_fill_rules,-1.766355,-0.934579,False,,50,fixed_horizon,False,,,,,,,,,,,,False,,,False,,,,,,False,,,,,,,1.0,-1.028037,default,22,Bear/Expand,Bear,Expand,Trend,1.14154978749536,below,-2.3371549614053406,7.515819837184311,2.342,21.411699696767126,True,2015-05-05T00:00:00Z,1.0,engine,regime-1.0.0,,2026-07-09.te-v1.2-surgical-disable,DIRECTION_AWARE,policy_direction_aware,HIGH,ENABLED,EURUSD|ny_pm|choch_short,
S_164,S_164,entry_triggered_edge_25p0_d3,triggered_edge,164,bearish,CHoCH,2015-11-16 18:45:00+00:00,2015-11-19 16:21:00+00:00,NY PM,2015-11-19 16:41:00+00:00,LOSS,1.07463,1.0759,1.0720899999999998,0.0012700000000001044,2.0,-1.0472440944881851,-1.0,0.015748031496061698,0.031496062992123396,0.0,0.04724409448818509,-1.0472440944881851,1.07415,1.0747,1.07415,1.07458,330409,330429,20,20.0,False,0.0012700000000001044,108.54700854700677,12.700000000001044,True,5.982905982906632,0.700000000000145,0.0,0.0,0.0,1.07463,1.07463,0.012950000000000017,129.50000000000017,10.196850393699963,0.0001,1,2,baseline,,,,,,,,,,,,,triggered_edge,25,1.07463,1.07463,True,25,2015-11-19 16:14:00+00:00,330402,2015-11-19 16:14:00+00:00,True,True,False,False,7,0.0,2015-11-19 16:21:00+00:00,7.0,False,,True,2015-11-19 16:09:00+00:00,330397,,,False,,4169,4176.0,False,,,,,,,,,,,,,,,,,,,,,,,,,False,False,ISM Manufacturing PMI,ISM Manufacturing PMI,USD,USD,high,high,2020-01-03T15:00:00,2020-01-03T15:00:00,2020-01-03T14:57:00,2020-01-03T15:03:00,2020-01-03T14:57:00,2020-01-03T15:03:00,-2173395.0,-2172735.0,3,330405,True,False,True,330404,2015-11-19 16:16:00+00:00,7.0,1.07409,1.07472,True,,0.377953,-1.0,-1.0,stop_anchored,0.03937,native_fill_rules,-1.0,0.889764,False,,50,fixed_horizon,False,,,,,,,,,,,,False,,,False,,,,,,False,,,,,,,1.0,-1.047244,default,49,Bear/Expand,Bear,Expand,Trend,1.1160899701909095,below,-4.38763643602433,4.905740804336242,2.342,33.951865634725145,True,2015-11-19T00:00:00Z,1.0,engine,regime-1.0.0,,2026-07-09.te-v1.2-surgical-disable,DIRECTION_AWARE,policy_direction_aware,HIGH,ENABLED,EURUSD|ny_pm|choch_short,
S_171,S_171,entry_triggered_edge_25p0_d3,triggered_edge,171,bearish,CHoCH,2015-11-27 09:45:00+00:00,2015-12-01 15:00:00+00:00,NY PM,2015-12-01 15:10:00+00:00,LOSS,1.06251,1.06335,1.0608300000000002,0.0008399999999999519,2.0,-1.0714285714285756,-1.0,0.023809523809525175,0.04761904761905035,0.0,0.07142857142857553,-1.0714285714285756,1.06195,1.06289,1.06195,1.06281,341826,341836,10,10.0,False,0.0008799999999999919,118.9189189189238,8.799999999999919,True,51.351351351330266,3.7999999999982492,0.0,0.0,0.0,1.06251,1.06251,0.006720000000000059,67.20000000000059,8.00000000000053,0.0001,1,2,baseline,,,,,,,,,,,,,triggered_edge,25,1.06251,1.06251,True,25,2015-12-01 14:15:00+00:00,341781,2015-12-01 14:15:00+00:00,True,True,False,False,45,0.0,2015-12-01 15:00:00+00:00,45.0,False,,False,,,,,False,,3187,6075.0,False,,,,,,,,,,,,,,,,,,,,,,,,,False,False,ISM Manufacturing PMI,ISM Manufacturing PMI,USD,USD,high,high,2020-01-03T15:00:00,2020-01-03T15:00:00,2020-01-03T14:57:00,2020-01-03T15:03:00,2020-01-03T14:57:00,2020-01-03T15:03:00,-2157600.0,-2157435.0,3,341784,True,False,True,341783,2015-12-01 14:17:00+00:00,2.5,1.06227,1.06266,True,,1.178571,-1.047619,-1.0,stop_anchored,1.178571,native_fill_rules,-1.047619,2.72619,True,38,50,fixed_horizon,False,,,,,,,,,,,,False,,,False,,,,,,False,,,,,,,1.0,-1.071429,default,52,Bear/Expand,Bear,Expand,Trend,1.1109906973426773,below,-4.862389709642638,2.600351632414793,2.342,33.25244128777716,True,2015-12-01T00:00:00Z,1.0,engine,regime-1.0.0,,2026-07-09.te-v1.2-surgical-disable,DIRECTION_AWARE,policy_direction_aware,HIGH,ENABLED,EURUSD|ny_pm|choch_short,
S_155,S_155,entry_triggered_edge_25p0_d3,triggered_edge,155,bearish,CHoCH,2015-10-28 18:00:00+00:00,2016-02-03 16:10:00+00:00,NY PM,2016-02-03 16:19:00+00:00,WIN,1.10762,1.10908,1.105795,0.0014600000000000168,1.25,1.2089041095890416,1.25,0.013698630136986144,0.02739726027397229,0.0,0.04109589041095843,1.2089041095890416,1.10693,1.10767,1.10693,1.10711,405688,405697,9,9.0,False,4.999999999988347e-05,3.6764705882266506,0.4999999999988347,False,3.6764705882266506,0.4999999999988347,0.0,0.0,0.0,1.10762,1.10762,0.055420000000000025,554.2000000000003,37.95890410958862,0.0001,1,2,baseline,,,,,,,,,,,,,triggered_edge,25,1.10762,1.10762,True,25,2016-02-03 15:32:00+00:00,405650,2016-02-03 15:32:00+00:00,True,True,False,False,38,0.0,2016-02-03 16:10:00+00:00,38.0,False,,True,2016-02-03 15:31:00+00:00,405649,,,False,,98127,141010.0,False,,,,,,,,,,,,,,,,,,,,,,,,,False,False,ISM Manufacturing PMI,ISM Manufacturing PMI,USD,USD,high,high,2020-01-03T15:00:00,2020-01-03T15:00:00,2020-01-03T14:57:00,2020-01-03T15:03:00,2020-01-03T14:57:00,2020-01-03T15:03:00,-2200455.0,-2200140.0,3,405653,True,False,True,405651,2016-02-03 15:33:00+00:00,19.3,1.10647,1.10773,True,,2.054795,-1.191781,-1.0,stop_anchored,2.054795,native_fill_rules,-0.034247,,,,,,False,,,,,,,,,,,,False,,,False,,,,,,False,,,,,,,1.0,1.208904,default,61,Bear/Chop,Bear,Compress,Chop,1.101526795765155,below,-0.8793971969085358,1.4911949165224374,2.342,17.173203101381134,True,2016-02-03T00:00:00Z,1.0,engine,regime-1.0.0,,2026-07-09.te-v1.2-surgical-disable,DIRECTION_AWARE,policy_direction_aware,HIGH,ENABLED,EURUSD|ny_pm|choch_short,
S_310,S_310,entry_triggered_edge_25p0_d3,triggered_edge,310,bearish,CHoCH,2016-08-21 23:45:00+00:00,,NY PM,,REGIME_BLOCKED,1.13276,1.13322,1.1318400000000002,0.00045999999999990493,2.0,0.0,0.0,0.0,0.0,0.0,0.0,0.0,,,,,,,,,,,,,,,,0.0,0.0,0.0,1.13276,1.13276,0.005659999999999998,56.59999999999998,12.304347826089495,0.0001,1,2,baseline,,,,,,,,,,,,,triggered_edge,25,1.13276,,False,25,2016-08-22 14:58:00+00:00,611256,2016-08-22 14:58:00+00:00,True,True,,False,,0.0,,,False,regime_blocked,True,2016-08-22 14:57:00+00:00,611255,,,True,regime_blocked,,,False,,,,,,,,,,,,,,,,,,,,,,,,,False,False,ISM Manufacturing PMI,ISM Manufacturing PMI,USD,USD,high,high,2020-01-03T15:00:00,2020-01-03T15:00:00,2020-01-03T14:57:00,2020-01-03T15:03:00,2020-01-03T14:57:00,2020-01-03T15:03:00,-1773810.0,-1770675.0,3,611259,False,True,False,,,0.0,1.1326,1.13304,False,,,,,,,,,,,,,,False,,,,,,,,,,,,False,,,False,,,,,,False,,,,,,,1.0,0.0,default,,Bull/Expand,Bull,Expand,Trend,1.1159299531260936,above,1.2402254133546446,2.8616014009379716,2.342,30.741766603993785,True,2016-08-22T00:00:00Z,1.0,engine,regime-1.0.0,direction_mismatch,2026-07-09.te-v1.2-surgical-disable,DIRECTION_AWARE,policy_direction_aware,HIGH,ENABLED,EURUSD|ny_pm|choch_short,
S_320,S_320,entry_triggered_edge_25p0_d3,triggered_edge,320,bearish,CHoCH,2016-09-09 12:45:00+00:00,,NY PM,,REGIME_BLOCKED,1.1279,1.1286,1.1264999999999996,0.000700000000000145,2.0,0.0,0.0,0.0,0.0,0.0,0.0,0.0,,,,,,,,,,,,,,,,0.0,0.0,0.0,1.1279,1.1279,0.015599999999999836,155.99999999999835,22.285714285709435,0.0001,1,2,baseline,,,,,,,,,,,,,triggered_edge,25,1.1279,,False,25,2016-09-15 12:30:00+00:00,637008,2016-09-15 12:30:00+00:00,True,True,,False,,0.0,,,False,regime_blocked,False,,,,,True,regime_blocked,,,False,,,,,,,,,,,,,,,,,,,,,,,,,False,False,ISM Manufacturing PMI,ISM Manufacturing PMI,USD,USD,high,high,2020-01-03T15:00:00,2020-01-03T15:00:00,2020-01-03T14:57:00,2020-01-03T15:03:00,2020-01-03T14:57:00,2020-01-03T15:03:00,-1744380.0,-1743975.0,3,637011,True,False,True,637009,2016-09-15 12:31:00+00:00,4.8,1.12647,1.12739,True,,,,,,,,,,,,,,False,,,,,,,,,,,,False,,,False,,,,,,False,,,,,,,1.0,0.0,default,,Bull/Compress,Bull,Compress,Trend,1.1172939718932453,above,0.5760371279770526,1.4556556865423054,2.342,25.915715618985146,True,2016-09-26T00:00:00Z,1.0,engine,regime-1.0.0,direction_mismatch,2026-07-09.te-v1.2-surgical-disable,DIRECTION_AWARE,policy_direction_aware,HIGH,ENABLED,EURUSD|ny_pm|choch_short,
S_338,S_338,entry_triggered_edge_25p0_d3,triggered_edge,338,bearish,CHoCH,2016-10-25 12:45:00+00:00,2016-10-25 16:20:00+00:00,NY PM,2016-10-25 18:18:00+00:00,LOSS,1.0895,1.09006,1.0883799999999997,0.000560000000000116,2.0,-1.107142857142835,-1.0,0.03571428571427832,0.07142857142855664,0.0,0.10714285714283497,-1.107142857142835,1.08934,1.0895,1.08924,1.08949,677515,677633,118,118.0,False,0.0007099999999999884,154.3478260869114,7.099999999999884,True,0.0,0.0,0.0,0.0,0.0,1.0895,1.0895,0.004389999999999894,43.89999999999894,7.839285714283902,0.0001,1,2,baseline,,,,,,,,,,,,,triggered_edge,25,1.0895,1.0895,True,25,2016-10-25 15:33:00+00:00,677468,2016-10-25 15:33:00+00:00,True,True,False,False,47,0.0,2016-10-25 16:20:00+00:00,47.0,False,,True,2016-10-25 15:28:00+00:00,677463,,,False,,215,215.0,False,,,,,,,,,,,,,,,,,,,,,,,,,False,False,ISM Manufacturing PMI,ISM Manufacturing PMI,USD,USD,high,high,2020-01-03T15:00:00,2020-01-03T15:00:00,2020-01-03T14:57:00,2020-01-03T15:03:00,2020-01-03T14:57:00,2020-01-03T15:03:00,-1679265.0,-1677735.0,3,677471,True,False,True,677469,2016-10-25 15:34:00+00:00,8.0,1.08863,1.08921,True,,2.0,-1.267857,-1.0,stop_anchored,2.0,native_fill_rules,-1.267857,1.321429,False,41,50,fixed_horizon,False,,,,,,,,,,,,False,,,False,,,,,,False,,,,,,,1.0,-1.107143,default,91,Bear/Expand,Bear,Expand,Trend,1.1152638643818251,below,-2.5082731786822974,4.531839434495215,2.342,41.031306557527515,True,2016-10-25T00:00:00Z,1.0,engine,regime-1.0.0,,2026-07-09.te-v1.2-surgical-disable,DIRECTION_AWARE,policy_direction_aware,HIGH,ENABLED,EURUSD|ny_pm|choch_short,
S_365,S_365,entry_triggered_edge_25p0_d3,triggered_edge,365,bearish,CHoCH,2016-12-14 08:30:00+00:00,2016-12-14 15:28:00+00:00,NY PM,2016-12-14 17:32:00+00:00,LOSS,1.06554,1.06657,1.0642524999999998,0.0010300000000000864,1.25,-1.058252427184461,-1.0,0.01941747572815371,0.03883495145630742,0.0,0.058252427184461136,-1.058252427184461,1.06521,1.06559,1.06521,1.06545,729158,729282,124,124.0,False,0.0014600000000000168,156.98924731181333,14.600000000000168,True,5.3763440860322875,0.5000000000010552,0.0,0.0,0.0,1.06554,1.06554,0.0043199999999998795,43.199999999998795,4.194174757281084,0.0001,1,2,baseline,,,,,,,,,,,,,triggered_edge,25,1.06554,1.06554,True,25,2016-12-14 15:23:00+00:00,729153,2016-12-14 15:23:00+00:00,True,True,False,False,5,0.0,2016-12-14 15:28:00+00:00,5.0,False,,True,2016-12-14 12:47:00+00:00,728997,,,False,,418,418.0,False,,,,,,,,,,,,,,,,,,,,,,,,,False,False,ISM Manufacturing PMI,ISM Manufacturing PMI,USD,USD,high,high,2020-01-03T15:00:00,2020-01-03T15:00:00,2020-01-03T14:57:00,2020-01-03T15:03:00,2020-01-03T14:57:00,2020-01-03T15:03:00,-1606050.0,-1605990.0,3,729156,False,False,False,,,3.6,1.06551,1.06589,False,,0.61165,-1.417476,-1.0,stop_anchored,0.61165,native_fill_rules,-1.417476,1.116505,False,34,50,fixed_horizon,False,,,,,,,,,,,,False,,,False,,,,,,False,,,,,,,1.0,-1.058252,default,97,Bear/Chop,Bear,Expand,Chop,1.1013207092847739,below,-3.5031311914427876,2.370712737030962,2.342,13.091072094945062,True,2016-12-14T00:00:00Z,1.0,engine,regime-1.0.0,,2026-07-09.te-v1.2-surgical-disable,DIRECTION_AWARE,policy_direction_aware,HIGH,ENABLED,EURUSD|ny_pm|choch_short,
S_369,S_369,entry_triggered_edge_25p0_d3,triggered_edge,369,bearish,CHoCH,2016-12-27 01:45:00+00:00,2016-12-27 16:19:00+00:00,NY PM,2016-12-27 17:57:00+00:00,WIN,1.04619,1.0466,1.04537,0.00041000000000002146,2.0,1.8536585365853735,2.0,0.0487804878048755,0.097560975609751,0.0,0.1463414634146265,1.8536585365853735,1.04623,1.0463,1.04619,1.04624,742046,742144,98,98.0,False,0.00012000000000012001,38.7096774193895,1.2000000000012,False,35.4838709677558,1.100000000000545,0.0,0.0,0.0,1.04619,1.04619,0.002950000000000008,29.50000000000008,7.195121951219155,0.0001,1,2,baseline,,,,,,,,,,,,,triggered_edge,25,1.04619,1.04619,True,25,2016-12-27 16:16:00+00:00,742043,2016-12-27 16:16:00+00:00,True,True,False,False,3,0.0,2016-12-27 16:19:00+00:00,3.0,False,,True,2016-12-27 16:15:00+00:00,742042,,,False,,872,874.0,False,,,,,,,,,,,,,,,,,,,,,,,,,False,False,ISM Manufacturing PMI,ISM Manufacturing PMI,USD,USD,high,high,2020-01-03T15:00:00,2020-01-03T15:00:00,2020-01-03T14:57:00,2020-01-03T15:03:00,2020-01-03T14:57:00,2020-01-03T15:03:00,-1588320.0,-1587675.0,3,742046,False,True,False,,,0.0,1.04615,1.04633,False,,2.634146,-1.243902,-1.0,stop_anchored,2.634146,native_fill_rules,-0.292683,,,,,,False,,,,,,,,,,,,False,,,False,,,,,,False,,,,,,,1.0,1.853659,default,99,Bear/Expand,Bear,Expand,Trend,1.0953490643754713,below,-4.561930621081226,4.541011307653999,2.342,18.511663340705677,True,2016-12-27T00:00:00Z,1.0,engine,regime-1.0.0,,2026-07-09.te-v1.2-surgical-disable,DIRECTION_AWARE,policy_direction_aware,HIGH,ENABLED,EURUSD|ny_pm|choch_short,
S_363,S_363,entry_triggered_edge_25p0_d3,triggered_edge,363,bearish,CHoCH,2016-12-08 13:30:00+00:00,2017-01-31 15:04:00+00:00,NY PM,2017-01-31 15:20:00+00:00,WIN,1.07948,1.08062,1.078055,0.0011399999999999189,1.25,1.1973684210526279,1.25,0.017543859649124055,0.03508771929824811,0.0,0.052631578947372165,1.1973684210526279,1.07958,1.07987,1.07941,1.07982,777831,777847,16,16.0,False,0.0003900000000001125,37.500000000013344,3.900000000001125,False,37.500000000013344,3.900000000001125,0.0,0.0,0.0,1.07948,1.07948,0.04544999999999999,454.4999999999999,39.86842105263441,0.0001,1,2,baseline,,,,,,,,,,,,,triggered_edge,25,1.07948,1.07948,True,25,2017-01-31 15:00:00+00:00,777827,2017-01-31 15:00:00+00:00,True,True,False,False,4,0.0,2017-01-31 15:04:00+00:00,4.0,False,,True,2017-01-31 14:59:00+00:00,777826,,,False,,54548,77854.0,False,,,,,,,,,,,,,,,,,,,,,,,,,False,False,ISM Manufacturing PMI,ISM Manufacturing PMI,USD,USD,high,high,2020-01-03T15:00:00,2020-01-03T15:00:00,2020-01-03T14:57:00,2020-01-03T15:03:00,2020-01-03T14:57:00,2020-01-03T15:03:00,-1614555.0,-1614330.0,3,777830,False,True,False,,,0.0,1.07946,1.08014,False,,1.342105,-1.061404,-1.0,stop_anchored,1.342105,native_fill_rules,-0.342105,,,,,,False,,,,,,,,,,,,False,,,False,,,,,,False,,,,,,,1.0,1.197368,default,111,Bear/Chop,Bear,Expand,Chop,1.0865342721427789,below,-1.4527173737143382,2.467743012165582,2.342,13.327520204094665,True,2017-01-31T00:00:00Z,1.0,engine,regime-1.0.0,,2026-07-09.te-v1.2-surgical-disable,DIRECTION_AWARE,policy_direction_aware,HIGH,ENABLED,EURUSD|ny_pm|choch_short,
S_406,S_406,entry_triggered_edge_25p0_d3,triggered_edge,406,bearish,CHoCH,2017-02-24 19:15:00+00:00,2017-02-27 15:25:00+00:00,NY PM,2017-02-27 16:05:00+00:00,LOSS,1.06046,1.06189,1.0575999999999999,0.0014300000000000423,2.0,-1.0419580419580408,-1.0,0.013986013986013573,0.027972027972027146,0.0,0.04195804195804072,-1.0419580419580408,1.06059,1.06059,1.0604,1.06048,805194,805234,40,40.0,False,0.001980000000000093,148.87218045112883,19.800000000000928,True,9.774436090222425,1.2999999999996348,0.0,0.0,0.0,1.06046,1.06046,0.005309999999999926,53.099999999999255,3.7132867132865517,0.0001,1,2,baseline,,,,,,,,,,,,,triggered_edge,25,1.06046,1.06046,True,25,2017-02-27 15:22:00+00:00,805191,2017-02-27 15:22:00+00:00,True,True,False,False,3,0.0,2017-02-27 15:25:00+00:00,3.0,False,,True,2017-02-27 14:38:00+00:00,805147,,,False,,1209,4090.0,False,,,,,,,,,,,,,,,,,,,,,,,,,False,False,ISM Manufacturing PMI,ISM Manufacturing PMI,USD,USD,high,high,2020-01-03T15:00:00,2020-01-03T15:00:00,2020-01-03T14:57:00,2020-01-03T15:03:00,2020-01-03T14:57:00,2020-01-03T15:03:00,-1502070.0,-1501665.0,3,805194,False,True,False,,,0.0,1.06054,1.06089,False,,0.65035,-1.384615,-1.0,stop_anchored,0.65035,native_fill_rules,-1.384615,-0.713287,False,,50,fixed_horizon,False,,,,,,,,,,,,False,,,False,,,,,,False,,,,,,,1.0,-1.041958,default,115,Bear/Expand,Bear,Expand,Trend,1.082056837677198,below,-2.482017278764246,2.731368492473831,2.342,26.514189237294325,True,2017-02-27T00:00:00Z,1.0,engine,regime-1.0.0,,2026-07-09.te-v1.2-surgical-disable,DIRECTION_AWARE,policy_direction_aware,HIGH,ENABLED,EURUSD|ny_pm|choch_short,
S_400,S_400,entry_triggered_edge_25p0_d3,triggered_edge,400,bearish,CHoCH,2017-02-17 08:15:00+00:00,2017-03-10 16:52:00+00:00,NY PM,2017-03-10 16:53:00+00:00,WIN,1.06721,1.06786,1.06656,0.0006500000000000394,1.0,0.9076923076923133,1.0,0.030769230769228904,0.06153846153845781,0.0,0.0923076923076867,0.9076923076923133,1.0673,1.0673,1.06699,1.06709,818237,818238,1,1.0,False,8.999999999992347e-05,16.363636363620948,0.8999999999992347,False,16.363636363620948,0.8999999999992347,0.0,0.0,0.0,1.06721,1.06721,0.017830000000000013,178.30000000000013,27.430769230767584,0.0001,1,2,baseline,,,,,,,,,,,,,triggered_edge,25,1.06721,1.06721,True,25,2017-03-10 16:48:00+00:00,818233,2017-03-10 16:48:00+00:00,True,True,False,False,4,0.0,2017-03-10 16:52:00+00:00,4.0,False,,True,2017-03-10 16:32:00+00:00,818217,,,False,,22106,30757.0,False,,,,,,,,,,,,,,,,,,,,,,,,,False,False,ISM Manufacturing PMI,ISM Manufacturing PMI,USD,USD,high,high,2020-01-03T15:00:00,2020-01-03T15:00:00,2020-01-03T14:57:00,2020-01-03T15:03:00,2020-01-03T14:57:00,2020-01-03T15:03:00,-1513125.0,-1512405.0,3,818236,False,True,False,,,0.0,1.06731,1.06741,False,,1.246154,-1.153846,-1.0,stop_anchored,1.246154,native_fill_rules,-0.138462,,,,,,False,,,,,,,,,,,,False,,,False,,,,,,False,,,,,,,1.0,0.907692,default,119,Bear/Compress,Bear,Compress,Trend,1.0796818094694627,below,-2.013723791470205,1.4601541720798261,2.342,18.827187685516016,True,2017-03-10T00:00:00Z,1.0,engine,regime-1.0.0,,2026-07-09.te-v1.2-surgical-disable,DIRECTION_AWARE,policy_direction_aware,HIGH,ENABLED,EURUSD|ny_pm|choch_short,
S_445,S_445,entry_triggered_edge_25p0_d3,triggered_edge,445,bearish,CHoCH,2017-05-09 06:15:00+00:00,,NY PM,,REGIME_BLOCKED,1.0931,1.09378,1.09174,0.0006800000000000139,2.0,0.0,0.0,0.0,0.0,0.0,0.0,0.0,,,,,,,,,,,,,,,,0.0,0.0,0.0,1.0931,1.0931,0.009199999999999875,91.99999999999875,13.529411764705422,0.0001,1,2,baseline,,,,,,,,,,,,,triggered_edge,25,1.0931,,False,25,2017-05-12 15:40:00+00:00,882907,2017-05-12 15:40:00+00:00,True,True,,False,,0.0,,,False,regime_blocked,False,,,,,True,regime_blocked,,,False,,,,,,,,,,,,,,,,,,,,,,,,,False,False,ISM Manufacturing PMI,ISM Manufacturing PMI,USD,USD,high,high,2020-01-03T15:00:00,2020-01-03T15:00:00,2020-01-03T14:57:00,2020-01-03T15:03:00,2020-01-03T14:57:00,2020-01-03T15:03:00,-1396680.0,-1395885.0,3,882910,False,False,False,,,0.8,1.09295,1.09336,False,,,,,,,,,,,,,,False,,,,,,,,,,,,False,,,False,,,,,,False,,,,,,,1.0,0.0,default,,Bull/Expand,Bull,Expand,Trend,1.0788293266791775,above,0.703602797319926,2.930899464183987,2.342,35.84507960946863,True,2017-05-12T00:00:00Z,1.0,engine,regime-1.0.0,direction_mismatch,2026-07-09.te-v1.2-surgical-disable,DIRECTION_AWARE,policy_direction_aware,HIGH,ENABLED,EURUSD|ny_pm|choch_short,
S_487,S_487,entry_triggered_edge_25p0_d3,triggered_edge,487,bearish,CHoCH,2017-08-04 12:30:00+00:00,,NY PM,,REGIME_BLOCKED,1.18802,1.18901,1.1860400000000004,0.0009899999999998244,2.0,0.0,0.0,0.0,0.0,0.0,0.0,0.0,,,,,,,,,,,,,,,,0.0,0.0,0.0,1.18802,1.18802,0.02180000000000004,218.0000000000004,22.020202020205968,0.0001,1,2,baseline,,,,,,,,,,,,,triggered_edge,25,1.18802,,False,25,2017-08-25 15:07:00+00:00,990824,2017-08-25 15:07:00+00:00,True,True,,False,,0.0,,,False,regime_blocked,True,2017-08-25 15:05:00+00:00,990822,,,True,regime_blocked,,,False,,,,,,,,,,,,,,,,,,,,,,,,,False,False,ISM Manufacturing PMI,ISM Manufacturing PMI,USD,USD,high,high,2020-01-03T15:00:00,2020-01-03T15:00:00,2020-01-03T14:57:00,2020-01-03T15:03:00,2020-01-03T14:57:00,2020-01-03T15:03:00,-1270560.0,-1270230.0,3,990827,False,True,False,,,1.9,1.18791,1.18842,False,,,,,,,,,,,,,,False,,,,,,,,,,,,False,,,False,,,,,,False,,,,,,,1.0,0.0,default,,Bull/Compress,Bull,Compress,Trend,1.12083350313688,above,5.2582740164506445,1.3399165748769517,2.342,22.320767824060553,True,2017-08-25T00:00:00Z,1.0,engine,regime-1.0.0,direction_mismatch,2026-07-09.te-v1.2-surgical-disable,DIRECTION_AWARE,policy_direction_aware,HIGH,ENABLED,EURUSD|ny_pm|choch_short,
S_531,S_531,entry_triggered_edge_25p0_d3,triggered_edge,531,bearish,CHoCH,2017-11-03 16:30:00+00:00,,NY PM,,REGIME_BLOCKED,1.16693,1.16792,1.16495,0.0009900000000000464,2.0,0.0,0.0,0.0,0.0,0.0,0.0,0.0,,,,,,,,,,,,,,,,0.0,0.0,0.0,1.16693,1.16693,0.011540000000000106,115.40000000000106,11.656565656565217,0.0001,1,2,baseline,,,,,,,,,,,,,triggered_edge,25,1.16693,,False,25,2017-11-10 15:02:00+00:00,1069877,2017-11-10 15:02:00+00:00,True,True,,False,,0.0,,,False,regime_blocked,True,2017-11-10 15:01:00+00:00,1069876,,,True,regime_blocked,,,False,,,,,,,,,,,,,,,,,,,,,,,,,False,False,ISM Manufacturing PMI,ISM Manufacturing PMI,USD,USD,high,high,2020-01-03T15:00:00,2020-01-03T15:00:00,2020-01-03T14:57:00,2020-01-03T15:03:00,2020-01-03T14:57:00,2020-01-03T15:03:00,-1140435.0,-1138950.0,3,1069880,True,False,True,1069879,2017-11-10 15:04:00+00:00,1.0,1.16663,1.16707,True,,,,,,,,,,,,,,False,,,,,,,,,,,,False,,,False,,,,,,False,,,,,,,1.0,0.0,default,,Bull/Expand,Bull,Expand,Trend,1.1491061810406984,above,1.350077061220867,2.886960091525861,2.342,20.552763897832772,True,2017-11-10T00:00:00Z,1.0,engine,regime-1.0.0,direction_mismatch,2026-07-09.te-v1.2-surgical-disable,DIRECTION_AWARE,policy_direction_aware,HIGH,ENABLED,EURUSD|ny_pm|choch_short,
S_548,S_548,entry_triggered_edge_25p0_d3,triggered_edge,548,bearish,CHoCH,2017-12-01 13:00:00+00:00,,NY PM,,REGIME_BLOCKED,1.19292,1.19413,1.1905000000000001,0.0012099999999999334,2.0,0.0,0.0,0.0,0.0,0.0,0.0,0.0,,,,,,,,,,,,,,,,0.0,0.0,0.0,1.19292,1.19292,0.00784000000000007,78.40000000000069,6.47933884297562,0.0001,1,2,baseline,,,,,,,,,,,,,triggered_edge,25,1.19292,,False,25,2017-12-01 16:29:00+00:00,1091557,2017-12-01 16:29:00+00:00,True,True,,False,,0.0,,,False,regime_blocked,True,2017-12-01 16:28:00+00:00,1091556,,,True,regime_blocked,,,False,,,,,,,,,,,,,,,,,,,,,,,,,False,False,ISM Manufacturing PMI,ISM Manufacturing PMI,USD,USD,high,high,2020-01-03T15:00:00,2020-01-03T15:00:00,2020-01-03T14:57:00,2020-01-03T15:03:00,2020-01-03T14:57:00,2020-01-03T15:03:00,-1099110.0,-1098840.0,3,1091560,False,False,False,,,2.7,1.19225,1.19346,False,,,,,,,,,,,,,,False,,,,,,,,,,,,False,,,False,,,,,,False,,,,,,,1.0,0.0,default,,Bull/Expand,Bull,Expand,Trend,1.1542250065531754,above,3.081287725088464,3.376823879251595,2.342,23.055332234533537,True,2017-12-01T00:00:00Z,1.0,engine,regime-1.0.0,direction_mismatch,2026-07-09.te-v1.2-surgical-disable,DIRECTION_AWARE,policy_direction_aware,HIGH,ENABLED,EURUSD|ny_pm|choch_short,
S_544,S_544,entry_triggered_edge_25p0_d3,triggered_edge,544,bearish,CHoCH,2017-11-27 16:45:00+00:00,,NY PM,,REGIME_BLOCKED,1.19507,1.19598,1.1932500000000001,0.0009099999999999664,2.0,0.0,0.0,0.0,0.0,0.0,0.0,0.0,,,,,,,,,,,,,,,,0.0,0.0,0.0,1.19507,1.19507,0.023330000000000073,233.30000000000072,25.637362637363665,0.0001,1,2,baseline,,,,,,,,,,,,,triggered_edge,25,1.19507,,False,25,2017-12-28 16:47:00+00:00,1117983,2017-12-28 16:47:00+00:00,True,True,,False,,0.0,,,False,regime_blocked,True,2017-12-28 16:22:00+00:00,1117958,,,True,regime_blocked,,,False,,,,,,,,,,,,,,,,,,,,,,,,,False,False,ISM Manufacturing PMI,ISM Manufacturing PMI,USD,USD,high,high,2020-01-03T15:00:00,2020-01-03T15:00:00,2020-01-03T14:57:00,2020-01-03T15:03:00,2020-01-03T14:57:00,2020-01-03T15:03:00,-1104540.0,-1104375.0,3,1117986,False,True,False,,,0.0,1.19507,1.19526,False,,,,,,,,,,,,,,False,,,,,,,,,,,,False,,,False,,,,,,False,,,,,,,1.0,0.0,default,,Bull/Compress,Bull,Compress,Trend,1.1599643327116644,above,2.5910854705397792,1.6810461398525027,2.342,19.156840554201143,True,2017-12-28T00:00:00Z,1.0,engine,regime-1.0.0,direction_mismatch,2026-07-09.te-v1.2-surgical-disable,DIRECTION_AWARE,policy_direction_aware,HIGH,ENABLED,EURUSD|ny_pm|choch_short,
S_563,S_563,entry_triggered_edge_25p0_d3,triggered_edge,563,bearish,CHoCH,2018-01-08 05:30:00+00:00,,NY PM,,REGIME_BLOCKED,1.20466,1.2053099999999999,1.2033600000000004,0.0006499999999998174,2.0,0.0,0.0,0.0,0.0,0.0,0.0,0.0,,,,,,,,,,,,,,,,0.0,0.0,0.0,1.20466,1.20466,0.013100000000000112,131.0000000000011,20.153846153851987,0.0001,1,2,baseline,,,,,,,,,,,,,triggered_edge,25,1.20466,,False,25,2018-01-11 14:58:00+00:00,1130831,2018-01-11 14:58:00+00:00,True,True,,False,,0.0,,,False,regime_blocked,True,2018-01-11 14:54:00+00:00,1130827,,,True,regime_blocked,,,False,,,,,,,,,,,,,,,,,,,,,,,,,False,False,ISM Manufacturing PMI,ISM Manufacturing PMI,USD,USD,high,high,2020-01-03T15:00:00,2020-01-03T15:00:00,2020-01-03T14:57:00,2020-01-03T15:03:00,2020-01-03T14:57:00,2020-01-03T15:03:00,-1044825.0,-1044570.0,3,1130834,False,True,False,,,0.0,1.20434,1.20488,False,,,,,,,,,,,,,,False,,,,,,,,,,,,False,,,False,,,,,,False,,,,,,,1.0,0.0,default,,Bull/Expand,Bull,Expand,Trend,1.1641391865027304,above,2.7007778676124774,2.84230638918485,2.342,32.715282289122456,True,2018-01-11T00:00:00Z,1.0,engine,regime-1.0.0,direction_mismatch,2026-07-09.te-v1.2-surgical-disable,DIRECTION_AWARE,policy_direction_aware,HIGH,ENABLED,EURUSD|ny_pm|choch_short,
S_569,S_569,entry_triggered_edge_25p0_d3,triggered_edge,569,bearish,CHoCH,2018-01-29 14:15:00+00:00,,NY PM,,REGIME_BLOCKED,1.24721,1.24946,1.2427099999999998,0.0022500000000000853,2.0,0.0,0.0,0.0,0.0,0.0,0.0,0.0,,,,,,,,,,,,,,,,0.0,0.0,0.0,1.24721,1.24721,0.013709999999999889,137.0999999999989,6.093333333333053,0.0001,1,2,baseline,,,,,,,,,,,,,triggered_edge,25,1.24721,,False,25,2018-02-01 16:11:00+00:00,1152503,2018-02-01 16:11:00+00:00,True,True,,False,,0.0,,,False,regime_blocked,True,2018-01-31 13:32:00+00:00,1150904,,,True,regime_blocked,,,False,,,,,,,,,,,,,,,,,,,,,,,,,False,False,ISM Manufacturing PMI,ISM Manufacturing PMI,USD,USD,high,high,2020-01-03T15:00:00,2020-01-03T15:00:00,2020-01-03T14:57:00,2020-01-03T15:03:00,2020-01-03T14:57:00,2020-01-03T15:03:00,-1018515.0,-1013805.0,3,1152506,False,True,False,,,0.0,1.24722,1.2481,False,,,,,,,,,,,,,,False,,,,,,,,,,,,False,,,False,,,,,,False,,,,,,,1.0,0.0,default,,Bull/Expand,Bull,Expand,Trend,1.1749504277849048,above,5.6793521358086725,4.870343757029491,2.342,53.71452770599901,True,2018-02-01T00:00:00Z,1.0,engine,regime-1.0.0,direction_mismatch,2026-07-09.te-v1.2-surgical-disable,DIRECTION_AWARE,policy_direction_aware,HIGH,ENABLED,EURUSD|ny_pm|choch_short,
S_634,S_634,entry_triggered_edge_25p0_d3,triggered_edge,634,bearish,CHoCH,2018-06-05 12:00:00+00:00,2018-06-05 16:19:00+00:00,NY PM,2018-06-05 16:21:00+00:00,LOSS,1.17077,1.17176,1.1687900000000004,0.0009899999999998244,2.0,-1.0606060606060714,-1.0,0.020202020202023788,0.040404040404047575,0.0,0.06060606060607136,-1.0606060606060714,1.17058,1.17106,1.17051,1.1709,1279264,1279266,2,2.0,False,0.0010899999999998133,122.47191011236123,10.899999999998133,True,32.584269662916306,2.8999999999990145,0.0,0.0,0.0,1.17077,1.17077,0.005520000000000191,55.200000000001914,5.575757575758758,0.0001,1,2,baseline,,,,,,,,,,,,,triggered_edge,25,1.17077,1.17077,True,25,2018-06-05 16:16:00+00:00,1279261,2018-06-05 16:16:00+00:00,True,True,False,False,3,0.0,2018-06-05 16:19:00+00:00,3.0,False,,True,2018-06-05 16:15:00+00:00,1279260,,,False,,259,259.0,False,,,,,,,,,,,,,,,,,,,,,,,,,False,False,ISM Manufacturing PMI,ISM Manufacturing PMI,USD,USD,high,high,2020-01-03T15:00:00,2020-01-03T15:00:00,2020-01-03T14:57:00,2020-01-03T15:03:00,2020-01-03T14:57:00,2020-01-03T15:03:00,-831270.0,-831060.0,3,1279264,True,True,True,1279262,2018-06-05 16:17:00+00:00,0.0,1.1704,1.17071,True,,0.262626,-1.10101,-1.0,stop_anchored,0.0,native_fill_rules,-1.10101,0.010101,False,,50,fixed_horizon,False,,,,,,,,,,,,False,,,False,,,,,,False,,,,,,,1.0,-1.060606,default,184,Bear/Expand,Bear,Expand,Trend,1.1981290609106203,below,-2.34774882175392,3.408482923722573,2.342,52.073692931636955,True,2018-06-05T00:00:00Z,1.0,engine,regime-1.0.0,,2026-07-09.te-v1.2-surgical-disable,DIRECTION_AWARE,policy_direction_aware,HIGH,ENABLED,EURUSD|ny_pm|choch_short,
S_684,S_684,entry_triggered_edge_25p0_d3,triggered_edge,684,bearish,CHoCH,2018-09-07 12:30:00+00:00,2018-09-12 15:17:00+00:00,NY PM,2018-09-12 15:39:00+00:00,WIN,1.16424,1.16505,1.1632275,0.0008099999999999774,1.25,1.1759259259259238,1.25,0.024691358024692047,0.049382716049384094,0.0,0.07407407407407614,1.1759259259259238,1.16398,1.16452,1.16394,1.16443,1381412,1381434,22,22.0,False,0.0007200000000000539,101.40845070423461,7.200000000000539,True,39.43661971831867,2.80000000000058,0.0,0.0,0.0,1.16424,1.16424,0.011639999999999873,116.39999999999873,14.370370370370614,0.0001,1,2,baseline,,,,,,,,,,,,,triggered_edge,25,1.16424,1.16424,True,25,2018-09-12 15:14:00+00:00,1381409,2018-09-12 15:14:00+00:00,True,True,False,False,3,0.0,2018-09-12 15:17:00+00:00,3.0,False,,True,2018-09-11 07:17:00+00:00,1379492,,,False,,4486,7367.0,False,,,,,,,,,,,,,,,,,,,,,,,,,False,False,ISM Manufacturing PMI,ISM Manufacturing PMI,USD,USD,high,high,2020-01-03T15:00:00,2020-01-03T15:00:00,2020-01-03T14:57:00,2020-01-03T15:03:00,2020-01-03T14:57:00,2020-01-03T15:03:00,-695865.0,-695670.0,3,1381412,False,True,False,,,0.0,1.16374,1.16472,False,,4.111111,-1.407407,-1.0,stop_anchored,4.111111,native_fill_rules,-0.888889,,,,,,False,,,,,,,,,,,,False,,,False,,,,,,False,,,,,,,1.0,1.175926,default,200,Bear/Chop,Bear,Compress,Chop,1.177251083446208,below,-1.5035945768162653,1.8494786434661994,2.342,15.896144718067488,True,2018-09-12T00:00:00Z,1.0,engine,regime-1.0.0,,2026-07-09.te-v1.2-surgical-disable,DIRECTION_AWARE,policy_direction_aware,HIGH,ENABLED,EURUSD|ny_pm|choch_short,
S_728,S_728,entry_triggered_edge_25p0_d3,triggered_edge,728,bearish,CHoCH,2018-12-05 05:00:00+00:00,2018-12-06 15:29:00+00:00,NY PM,2018-12-06 15:39:00+00:00,WIN,1.14101,1.14188,1.1399225000000002,0.0008699999999999264,1.25,1.1810344827586148,1.25,0.022988505747128383,0.045977011494256766,0.0,0.06896551724138515,1.1810344827586148,1.14079,1.14104,1.14079,1.14087,1469185,1469195,10,10.0,False,0.00011999999999989797,15.5844155844036,1.1999999999989797,False,3.8961038961009,0.2999999999997449,0.0,0.0,0.0,1.14101,1.14101,0.00994000000000006,99.40000000000059,11.425287356322874,0.0001,1,2,baseline,,,,,,,,,,,,,triggered_edge,25,1.14101,1.14101,True,25,2018-12-06 15:26:00+00:00,1469182,2018-12-06 15:26:00+00:00,True,True,False,False,3,0.0,2018-12-06 15:29:00+00:00,3.0,False,,False,,,,,False,,2069,2069.0,False,,,,,,,,,,,,,,,,,,,,,,,,,False,False,ISM Manufacturing PMI,ISM Manufacturing PMI,USD,USD,high,high,2020-01-03T15:00:00,2020-01-03T15:00:00,2020-01-03T14:57:00,2020-01-03T15:03:00,2020-01-03T14:57:00,2020-01-03T15:03:00,-569115.0,-567960.0,3,1469185,True,True,True,1469184,2018-12-06 15:28:00+00:00,1.4,1.1405,1.14104,True,,6.057471,-1.068966,-1.0,stop_anchored,6.057471,native_fill_rules,-0.137931,,,,,,False,,,,,,,,,,,,False,,,False,,,,,,False,,,,,,,1.0,1.181034,default,220,Bear/Chop,Bear,Compress,Chop,1.1607351316779904,below,-2.22834055523063,1.4770879478641208,2.342,13.901532308410301,True,2018-12-06T00:00:00Z,1.0,engine,regime-1.0.0,,2026-07-09.te-v1.2-surgical-disable,DIRECTION_AWARE,policy_direction_aware,HIGH,ENABLED,EURUSD|ny_pm|choch_short,
S_731,S_731,entry_triggered_edge_25p0_d3,triggered_edge,731,bearish,CHoCH,2018-12-10 17:45:00+00:00,2018-12-19 15:29:00+00:00,NY PM,2018-12-19 15:55:00+00:00,WIN,1.14349,1.14436,1.1424024999999998,0.0008700000000001484,1.25,1.1810344827586325,1.25,0.022988505747122516,0.04597701149424503,0.0,0.06896551724136754,1.1810344827586325,1.14366,1.14367,1.14332,1.14336,1482141,1482167,26,26.0,False,0.000180000000000069,23.376623376627496,1.80000000000069,False,23.376623376627496,1.80000000000069,0.0,0.0,0.0,1.14349,1.14349,0.01649999999999996,164.99999999999957,18.965517241376027,0.0001,1,2,baseline,,,,,,,,,,,,,triggered_edge,25,1.14349,1.14349,True,25,2018-12-19 15:20:00+00:00,1482132,2018-12-19 15:20:00+00:00,True,True,False,False,9,0.0,2018-12-19 15:29:00+00:00,9.0,False,,False,,,,,False,,9944,12824.0,False,,,,,,,,,,,,,,,,,,,,,,,,,False,False,ISM Manufacturing PMI,ISM Manufacturing PMI,USD,USD,high,high,2020-01-03T15:00:00,2020-01-03T15:00:00,2020-01-03T14:57:00,2020-01-03T15:03:00,2020-01-03T14:57:00,2020-01-03T15:03:00,-560940.0,-559995.0,3,1482135,False,True,False,,,0.0,1.14366,1.14381,False,,8.114943,-1.114943,-1.0,stop_anchored,8.114943,native_fill_rules,-0.206897,,,,,,False,,,,,,,,,,,,False,,,False,,,,,,False,,,,,,,1.0,1.181034,default,223,Bear/Chop,Bear,Compress,Chop,1.1580953173623068,below,-1.7714705391463526,1.0420406031498275,2.342,12.17328676483426,True,2018-12-19T00:00:00Z,1.0,engine,regime-1.0.0,,2026-07-09.te-v1.2-surgical-disable,DIRECTION_AWARE,policy_direction_aware,HIGH,ENABLED,EURUSD|ny_pm|choch_short,
S_750,S_750,entry_triggered_edge_25p0_d3,triggered_edge,750,bearish,CHoCH,2019-01-18 14:30:00+00:00,2019-01-25 15:29:00+00:00,NY PM,2019-01-25 15:35:00+00:00,WIN,1.14049,1.14113,1.13969,0.0006399999999999739,1.25,1.1562499999999962,1.25,0.03125000000000128,0.06250000000000255,0.0,0.09375000000000383,1.1562499999999962,1.1405,1.1406,1.14027,1.14031,1518705,1518711,6,6.0,False,0.0001100000000000545,20.370370370381032,1.100000000000545,False,20.370370370381032,1.100000000000545,0.0,0.0,0.0,1.14049,1.14049,0.01157000000000008,115.7000000000008,18.078125000000863,0.0001,1,2,baseline,,,,,,,,,,,,,triggered_edge,25,1.14049,1.14049,True,25,2019-01-25 15:26:00+00:00,1518702,2019-01-25 15:26:00+00:00,True,True,False,False,3,0.0,2019-01-25 15:29:00+00:00,3.0,False,,False,,,,,False,,7257,10139.0,False,,,,,,,,,,,,,,,,,,,,,,,,,False,False,ISM Manufacturing PMI,ISM Manufacturing PMI,USD,USD,high,high,2020-01-03T15:00:00,2020-01-03T15:00:00,2020-01-03T14:57:00,2020-01-03T15:03:00,2020-01-03T14:57:00,2020-01-03T15:03:00,-504150.0,-504030.0,3,1518705,False,True,False,,,1.8,1.14015,1.14067,False,,1.453125,-1.078125,-1.0,stop_anchored,1.453125,native_fill_rules,-0.171875,,,,,,False,,,,,,,,,,,,False,,,False,,,,,,False,,,,,,,1.0,1.15625,default,230,Bear/Chop,Bear,Compress,Chop,1.153510867104951,below,-1.9289690057966817,2.211323647754594,2.342,11.770210984866864,True,2019-01-25T00:00:00Z,1.0,engine,regime-1.0.0,,2026-07-09.te-v1.2-surgical-disable,DIRECTION_AWARE,policy_direction_aware,HIGH,ENABLED,EURUSD|ny_pm|choch_short,
S_816,S_816,entry_triggered_edge_25p0_d3,triggered_edge,816,bearish,CHoCH,2019-05-23 05:00:00+00:00,2019-05-23 15:58:00+00:00,NY PM,2019-05-23 16:05:00+00:00,LOSS,1.11702,1.11747,1.1164574999999999,0.00045000000000006146,1.25,-1.133333333333315,-1.0,0.044444444444438375,0.08888888888887675,0.0,0.13333333333331512,-1.133333333333315,1.11703,1.11714,1.117,1.1171,1639711,1639718,7,7.0,False,0.000460000000000127,131.42857142858048,4.60000000000127,True,34.28571428574148,1.2000000000012,0.0,0.0,0.0,1.11702,1.11702,0.006319999999999881,63.19999999999881,14.044444444442263,0.0001,1,2,baseline,,,,,,,,,,,,,triggered_edge,25,1.11702,1.11702,True,25,2019-05-23 15:54:00+00:00,1639707,2019-05-23 15:54:00+00:00,True,True,False,False,4,0.0,2019-05-23 15:58:00+00:00,4.0,False,,False,,,,,False,,658,658.0,False,,,,,,,,,,,,,,,,,,,,,,,,,False,False,ISM Manufacturing PMI,ISM Manufacturing PMI,USD,USD,high,high,2020-01-03T15:00:00,2020-01-03T15:00:00,2020-01-03T14:57:00,2020-01-03T15:03:00,2020-01-03T14:57:00,2020-01-03T15:03:00,-325725.0,-324600.0,3,1639710,False,True,False,,,0.0,1.11709,1.11726,False,,0.133333,-1.022222,-1.0,stop_anchored,0.133333,native_fill_rules,-1.022222,0.155556,False,,50,fixed_horizon,False,,,,,,,,,,,,False,,,False,,,,,,False,,,,,,,1.0,-1.133333,default,254,Bear/Chop,Bear,Compress,Chop,1.1361643757450492,below,-1.8170236794752044,0.9189115194312533,2.342,9.775633001599553,True,2019-05-23T00:00:00Z,1.0,engine,regime-1.0.0,,2026-07-09.te-v1.2-surgical-disable,DIRECTION_AWARE,policy_direction_aware,HIGH,ENABLED,EURUSD|ny_pm|choch_short,
S_826,S_826,entry_triggered_edge_25p0_d3,triggered_edge,826,bearish,CHoCH,2019-06-12 16:30:00+00:00,2019-06-21 16:12:00+00:00,NY PM,2019-06-21 16:22:00+00:00,WIN,1.13384,1.13444,1.1330900000000002,0.0005999999999999339,1.25,1.149999999999989,1.25,0.033333333333337004,0.06666666666667401,0.0,0.10000000000001101,1.149999999999989,1.13378,1.13385,1.13367,1.13384,1669949,1669959,10,10.0,False,0.000520000000000076,104.00000000002665,5.20000000000076,True,2.0000000000133227,0.10000000000065512,0.0,0.0,0.0,1.13384,1.13384,0.01570999999999989,157.0999999999989,26.183333333336034,0.0001,1,2,baseline,,,,,,,,,,,,,triggered_edge,25,1.13384,1.13384,True,25,2019-06-21 16:09:00+00:00,1669946,2019-06-21 16:09:00+00:00,True,True,False,False,3,0.0,2019-06-21 16:12:00+00:00,3.0,False,,True,2019-06-21 16:08:00+00:00,1669945,,,False,,10059,12942.0,False,,,,,,,,,,,,,,,,,,,,,,,,,False,False,ISM Manufacturing PMI,ISM Manufacturing PMI,USD,USD,high,high,2020-01-03T15:00:00,2020-01-03T15:00:00,2020-01-03T14:57:00,2020-01-03T15:03:00,2020-01-03T14:57:00,2020-01-03T15:03:00,-295620.0,-295110.0,3,1669949,False,True,False,,,0.0,1.13374,1.13405,False,,3.333333,-1.083333,-1.0,stop_anchored,3.333333,native_fill_rules,-0.866667,,,,,,False,,,,,,,,,,,,False,,,False,,,,,,False,,,,,,,1.0,1.15,default,262,Bear/Chop,Bear,Compress,Chop,1.1333530302069708,below,-0.3461437083072348,2.2226452385066984,2.342,14.728870269432345,True,2019-06-21T00:00:00Z,1.0,engine,regime-1.0.0,,2026-07-09.te-v1.2-surgical-disable,DIRECTION_AWARE,policy_direction_aware,HIGH,ENABLED,EURUSD|ny_pm|choch_short,
S_872,S_872,entry_triggered_edge_25p0_d3,triggered_edge,872,bearish,CHoCH,2019-09-16 08:45:00+00:00,2019-10-16 16:36:00+00:00,NY PM,2019-10-16 17:39:00+00:00,WIN,1.10802,1.10873,1.10731,0.0007099999999999884,1.0,0.9154929577464774,1.0,0.028169014084507504,0.05633802816901501,0.0,0.08450704225352251,0.9154929577464774,1.10804,1.10809,1.10799,1.10799,1789405,1789468,63,63.0,False,0.0005299999999999194,86.88524590162622,5.299999999999194,False,11.47540983606796,0.700000000000145,0.0,0.0,0.0,1.10802,1.10802,0.020119999999999916,201.19999999999914,28.33802816901443,0.0001,1,2,baseline,,,,,,,,,,,,,triggered_edge,25,1.10802,1.10802,True,25,2019-10-16 16:29:00+00:00,1789398,2019-10-16 16:29:00+00:00,True,True,False,False,7,0.0,2019-10-16 16:36:00+00:00,7.0,False,,True,2019-10-16 16:28:00+00:00,1789397,,,False,,32125,43671.0,False,,,,,,,,,,,,,,,,,,,,,,,,,False,False,ISM Manufacturing PMI,ISM Manufacturing PMI,USD,USD,high,high,2020-01-03T15:00:00,2020-01-03T15:00:00,2020-01-03T14:57:00,2020-01-03T15:03:00,2020-01-03T14:57:00,2020-01-03T15:03:00,-157905.0,-157335.0,3,1789401,False,True,False,,,0.0,1.10791,1.1082,False,,2.183099,-1.535211,-1.0,stop_anchored,2.183099,native_fill_rules,-0.746479,,,,,,False,,,,,,,,,,,,False,,,False,,,,,,False,,,,,,,1.0,0.915493,default,286,Bear/Compress,Bear,Compress,Trend,1.1179456189199464,below,-1.2975245552605998,1.4305554148417061,2.342,32.17765557701679,True,2019-10-16T00:00:00Z,1.0,engine,regime-1.0.0,,2026-07-09.te-v1.2-surgical-disable,DIRECTION_AWARE,policy_direction_aware,HIGH,ENABLED,EURUSD|ny_pm|choch_short,
S_899,S_899,entry_triggered_edge_25p0_d3,triggered_edge,899,bearish,CHoCH,2019-10-30 13:15:00+00:00,2019-10-30 15:29:00+00:00,NY PM,2019-10-30 17:40:00+00:00,WIN,1.11215,1.11261,1.1116899999999998,0.000460000000000127,1.0,0.8695652173913404,1.0,0.04347826086955322,0.08695652173910644,0.0,0.13043478260865965,0.8695652173913404,1.11223,1.11228,1.11213,1.11218,1803729,1803860,131,131.0,False,0.00039999999999995595,111.11111111105629,3.9999999999995595,True,36.111111111087126,1.2999999999996348,0.0,0.0,0.0,1.11215,1.11215,0.0018199999999999328,18.199999999999328,3.9565217391291965,0.0001,1,2,baseline,,,,,,,,,,,,,triggered_edge,25,1.11215,1.11215,True,25,2019-10-30 15:25:00+00:00,1803725,2019-10-30 15:25:00+00:00,True,True,False,False,4,0.0,2019-10-30 15:29:00+00:00,4.0,False,,False,,,,,False,,134,134.0,False,,,,,,,,,,,,,,,,,,,,,,,,,False,False,ISM Manufacturing PMI,ISM Manufacturing PMI,USD,USD,high,high,2020-01-03T15:00:00,2020-01-03T15:00:00,2020-01-03T14:57:00,2020-01-03T15:03:00,2020-01-03T14:57:00,2020-01-03T15:03:00,-93855.0,-93705.0,3,1803728,False,True,False,,,0.0,1.11216,1.11228,False,,9.0,-1.195652,-1.0,stop_anchored,9.0,native_fill_rules,-0.869565,,,,,,False,,,,,,,,,,,,False,,,False,,,,,,False,,,,,,,1.0,0.869565,default,289,Bear/Compress,Bear,Compress,Trend,1.117243607965711,below,-0.5409391400963478,2.3031427352096525,2.342,24.55438931867964,True,2019-10-30T00:00:00Z,1.0,engine,regime-1.0.0,,2026-07-09.te-v1.2-surgical-disable,DIRECTION_AWARE,policy_direction_aware,HIGH,ENABLED,EURUSD|ny_pm|choch_short,
S_906,S_906,entry_triggered_edge_25p0_d3,triggered_edge,906,bearish,CHoCH,2019-11-20 08:15:00+00:00,2019-11-20 15:03:00+00:00,NY PM,2019-11-20 15:32:00+00:00,WIN,1.10787,1.10849,1.1070949999999997,0.0006200000000000649,1.25,1.153225806451623,1.25,0.03225806451612565,0.0645161290322513,0.0,0.09677419354837696,1.153225806451623,1.10789,1.10794,1.1078,1.10786,1825219,1825248,29,29.0,False,0.000260000000000149,50.00000000002135,2.60000000000149,False,13.461538461539282,0.700000000000145,0.0,0.0,0.0,1.10787,1.10787,0.002569999999999961,25.699999999999612,4.145161290322084,0.0001,1,2,baseline,,,,,,,,,,,,,triggered_edge,25,1.10787,1.10787,True,25,2019-11-20 15:00:00+00:00,1825216,2019-11-20 15:00:00+00:00,True,True,False,False,3,0.0,2019-11-20 15:03:00+00:00,3.0,False,,True,2019-11-20 14:56:00+00:00,1825212,,,False,,408,408.0,False,,,,,,,,,,,,,,,,,,,,,,,,,False,False,ISM Manufacturing PMI,ISM Manufacturing PMI,USD,USD,high,high,2020-01-03T15:00:00,2020-01-03T15:00:00,2020-01-03T14:57:00,2020-01-03T15:03:00,2020-01-03T14:57:00,2020-01-03T15:03:00,-64755.0,-63765.0,3,1825219,False,True,False,,,0.1,1.10785,1.10807,False,,2.887097,-1.048387,-1.0,stop_anchored,2.887097,native_fill_rules,-0.419355,,,,,,False,,,,,,,,,,,,False,,,False,,,,,,False,,,,,,,1.0,1.153226,default,294,Bear/Chop,Bear,Compress,Chop,1.1155899709899975,below,-0.6991790167381616,1.9267383019608082,2.342,17.613739278334613,True,2019-11-20T00:00:00Z,1.0,engine,regime-1.0.0,,2026-07-09.te-v1.2-surgical-disable,DIRECTION_AWARE,policy_direction_aware,HIGH,ENABLED,EURUSD|ny_pm|choch_short,
S_908,S_908,entry_triggered_edge_25p0_d3,triggered_edge,908,bearish,CHoCH,2019-11-21 18:00:00+00:00,2019-12-02 16:37:00+00:00,NY PM,2019-12-02 16:53:00+00:00,WIN,1.10862,1.10938,1.1076699999999997,0.0007600000000000939,1.25,1.1710526315789571,1.25,0.026315789473680958,0.052631578947361916,0.0,0.07894736842104287,1.1710526315789571,1.10877,1.10877,1.10847,1.10847,1836824,1836840,16,16.0,False,0.0001500000000000945,22.72727272728343,1.500000000000945,False,22.72727272728343,1.500000000000945,0.0,0.0,0.0,1.10862,1.10862,0.01051000000000002,105.1000000000002,13.82894736841937,0.0001,1,2,baseline,,,,,,,,,,,,,triggered_edge,25,1.10862,1.10862,True,25,2019-12-02 16:29:00+00:00,1836816,2019-12-02 16:29:00+00:00,True,True,False,False,8,0.0,2019-12-02 16:37:00+00:00,8.0,False,,True,2019-11-22 08:30:00+00:00,1827706,,,False,,9988,15757.0,False,,,,,,,,,,,,,,,,,,,,,,,,,False,False,ISM Manufacturing PMI,ISM Manufacturing PMI,USD,USD,high,high,2020-01-03T15:00:00,2020-01-03T15:00:00,2020-01-03T14:57:00,2020-01-03T15:03:00,2020-01-03T14:57:00,2020-01-03T15:03:00,-62055.0,-61740.0,3,1836819,False,True,False,,,0.0,1.10866,1.10892,False,,2.657895,-1.144737,-1.0,stop_anchored,2.657895,native_fill_rules,-0.197368,,,,,,False,,,,,,,,,,,,False,,,False,,,,,,False,,,,,,,1.0,1.171053,default,298,Bear/Chop,Bear,Compress,Chop,1.1143545826938657,below,-1.1248289268541676,0.8964812112629741,2.342,15.435125930110946,True,2019-12-02T00:00:00Z,1.0,engine,regime-1.0.0,,2026-07-09.te-v1.2-surgical-disable,DIRECTION_AWARE,policy_direction_aware,HIGH,ENABLED,EURUSD|ny_pm|choch_short,
S_962,S_962,entry_triggered_edge_25p0_d3,triggered_edge,962,bearish,CHoCH,2020-02-25 10:15:00+00:00,2020-02-25 15:55:00+00:00,NY PM,2020-02-25 16:06:00+00:00,LOSS,1.0865,1.08685,1.0857999999999999,0.0003500000000000725,2.0,-1.171428571428536,-1.0,0.05714285714284531,0.11428571428569062,0.0,0.17142857142853593,-1.171428571428536,1.0863,1.08656,1.08586,1.08592,1920790,1920801,11,11.0,False,0.00043999999999999595,175.9999999999396,4.3999999999999595,True,23.99999999997158,0.5999999999994898,0.0,0.0,0.0,1.0865,1.0865,0.0035000000000000586,35.00000000000058,9.999999999998098,0.0001,1,2,baseline,,,,,,,,,,,,,triggered_edge,25,1.0865,1.0865,True,25,2020-02-25 15:52:00+00:00,1920787,2020-02-25 15:52:00+00:00,True,True,False,False,3,0.0,2020-02-25 15:55:00+00:00,3.0,False,,True,2020-02-25 15:51:00+00:00,1920786,,,False,,340,340.0,False,,,,,,,,,,news_blackout,2020-02-25 14:57:00+00:00,2020-02-25 14:57:00,2020-02-25 15:03:00,2020-02-25 15:04:00+00:00,2020-02-25 15:00:00,USD,high,,,,,,,,False,False,CB Consumer Confidence,CB Consumer Confidence,USD,USD,high,high,2020-02-25T15:00:00,2020-02-25T15:00:00,2020-02-25T14:57:00,2020-02-25T15:03:00,2020-02-25T14:57:00,2020-02-25T15:03:00,-690.0,-285.0,3,1920790,False,True,False,,,5.8,1.0863,1.08666,False,,1.971429,-1.257143,-1.0,stop_anchored,1.971429,native_fill_rules,-1.257143,0.428571,False,,50,fixed_horizon,False,,,,,,,,,,,,False,,,False,,,,,,False,,,,,,,1.0,-1.171429,default,313,Bear/Expand,Bear,Expand,Trend,1.108668681695809,below,-2.148403945115143,3.3870479551718757,2.342,37.710888044002765,True,2020-02-25T00:00:00Z,1.0,engine,regime-1.0.0,,2026-07-09.te-v1.2-surgical-disable,DIRECTION_AWARE,policy_direction_aware,HIGH,ENABLED,EURUSD|ny_pm|choch_short,
S_938,S_938,entry_triggered_edge_25p0_d3,triggered_edge,938,bearish,CHoCH,2020-01-16 14:45:00+00:00,2020-03-02 16:57:00+00:00,NY PM,2020-03-02 17:06:00+00:00,LOSS,1.11624,1.11707,1.1145799999999997,0.0008300000000001084,2.0,-1.0722891566264965,-1.0,0.02409638554216553,0.04819277108433106,0.0,0.07228915662649658,-1.0722891566264965,1.11616,1.1165,1.11616,1.11628,1926612,1926621,9,9.0,False,0.0010499999999999954,143.835616438332,10.499999999999954,True,35.61643835617897,2.60000000000149,0.0,0.0,0.0,1.11624,1.11624,0.03845999999999994,384.59999999999934,46.337349397584234,0.0001,1,2,baseline,,,,,,,,,,,,,triggered_edge,25,1.11624,1.11624,True,25,2020-03-02 13:40:00+00:00,1926415,2020-03-02 13:40:00+00:00,True,True,False,False,197,0.0,2020-03-02 16:57:00+00:00,197.0,False,,False,,,,,False,,46101,66372.0,False,,,,,,,,,,news_blackout,2020-03-02 14:57:00+00:00,2020-03-02 14:57:00,2020-03-02 15:03:00,2020-01-16 18:04:00+00:00,2020-03-02 15:00:00,USD,high,,,,,,,,False,False,ECB Monetary Policy Meeting Accounts,Core Retail Sales m/m,EUR,USD,high,high,2020-01-16T12:30:00,2020-01-16T13:30:00,2020-01-16T12:27:00,2020-01-16T12:33:00,2020-01-16T13:27:00,2020-01-16T13:33:00,30.0,75.0,3,1926418,True,False,True,1926416,2020-03-02 13:41:00+00:00,22.5,1.11422,1.11608,True,,0.180723,-1.26506,-1.0,stop_anchored,0.180723,native_fill_rules,-1.26506,-0.807229,False,,50,fixed_horizon,False,,,,,,,,,,,,False,,,False,,,,,,False,,,,,,,1.0,-1.072289,default,316,Bear/Expand,Bear,Expand,Trend,1.1080935613645588,below,-0.265641951834276,2.7547099512127375,2.342,33.57992474329477,True,2020-03-02T00:00:00Z,1.0,engine,regime-1.0.0,,2026-07-09.te-v1.2-surgical-disable,DIRECTION_AWARE,policy_direction_aware,HIGH,ENABLED,EURUSD|ny_pm|choch_short,
S_706,S_706,entry_triggered_edge_25p0_d3,triggered_edge,706,bearish,CHoCH,2018-10-17 02:30:00+00:00,,NY PM,,REGIME_BLOCKED,1.1609,1.16216,1.15838,0.0012600000000000389,2.0,0.0,0.0,0.0,0.0,0.0,0.0,0.0,,,,,,,,,,,,,,,,0.0,0.0,0.0,1.1609,1.1609,0.09733000000000014,973.3000000000013,77.24603174602947,0.0001,1,2,baseline,,,,,,,,,,,,,triggered_edge,25,1.1609,,False,25,2020-07-23 15:37:00+00:00,2074541,2020-07-23 15:37:00+00:00,True,True,,False,,0.0,,,False,regime_blocked,True,2020-07-23 14:57:00+00:00,2074501,,,True,regime_blocked,,,False,,,,,,,,,,news_blackout,2020-07-22 13:12:00+00:00,2020-07-22 13:12:00,2020-07-22 13:18:00,2020-01-03 15:04:00+00:00,2020-07-22 13:15:00,EUR,high,,,,,,,,False,False,ISM Manufacturing PMI,ISM Manufacturing PMI,USD,USD,high,high,2020-01-03T15:00:00,2020-01-03T15:00:00,2020-01-03T14:57:00,2020-01-03T15:03:00,2020-01-03T14:57:00,2020-01-03T15:03:00,-639465.0,-638670.0,3,2074544,False,True,False,,,0.0,1.16078,1.16126,False,,,,,,,,,,,,,,False,,,,,,,,,,,,False,,,False,,,,,,False,,,,,,,1.0,0.0,default,,Bull/Expand,Bull,Expand,Trend,1.111240235626945,above,4.0693058911372715,3.5083447579101192,2.342,50.42564877323697,True,2020-07-23T00:00:00Z,1.0,engine,regime-1.0.0,direction_mismatch,2026-07-09.te-v1.2-surgical-disable,DIRECTION_AWARE,policy_direction_aware,HIGH,ENABLED,EURUSD|ny_pm|choch_short,
S_616,S_616,entry_triggered_edge_25p0_d3,triggered_edge,616,bearish,CHoCH,2018-05-02 13:45:00+00:00,,NY PM,,STATE_BLOCKED,1.20217,1.20326,1.19999,0.0010900000000000354,2.0,0.0,0.0,0.0,0.0,0.0,0.0,0.0,,,,,,,,,,,,,,,,0.0,0.0,0.0,1.20217,1.20217,0.13860000000000006,1386.0000000000005,127.15596330274822,0.0001,1,2,baseline,,,,,,,,,,,,,triggered_edge,25,1.20217,,False,25,2018-05-02 18:16:00+00:00,1244829,2018-05-02 18:16:00+00:00,True,True,,False,,0.0,,,False,state_target_block,True,2018-05-02 18:15:00+00:00,1244828,,,True,state_target_block,,,False,,,,,,,,,,news_blackout,2020-12-01 14:57:00+00:00,2020-12-01 14:57:00,2020-12-01 15:03:00,2020-01-03 15:04:00+00:00,2020-12-01 15:00:00,USD,high,,,,,,,,False,False,ISM Manufacturing PMI,ISM Manufacturing PMI,USD,USD,high,high,2020-01-03T15:00:00,2020-01-03T15:00:00,2020-01-03T14:57:00,2020-01-03T15:03:00,2020-01-03T14:57:00,2020-01-03T15:03:00,-880290.0,-879915.0,3,1244832,True,False,True,1244830,2018-05-02 18:17:00+00:00,14.8,1.20075,1.20179,True,,,,,,,,,,,,,,False,,,,,,,,,,,,False,,,False,,,,,,False,,,,,,,1.0,0.0,default,,Bull/Chop,Bull,Compress,Chop,1.1579180205954493,above,3.0936541937683577,1.7266938891957364,2.342,8.829108083913159,True,2020-12-01T00:00:00Z,1.0,engine,regime-1.0.0,,2026-07-09.te-v1.2-surgical-disable,DIRECTION_AWARE,policy_direction_aware,HIGH,ENABLED,EURUSD|ny_pm|choch_short,
S_1268,S_1268,entry_triggered_edge_25p0_d3,triggered_edge,1268,bearish,CHoCH,2021-10-18 03:15:00+00:00,2021-10-18 16:04:00+00:00,NY PM,2021-10-18 16:22:00+00:00,LOSS,1.16115,1.16168,1.1606199999999998,0.0005300000000001415,1.0,-1.113207547169781,-1.0,0.037735849056593704,0.07547169811318741,0.0,0.11320754716978111,-1.113207547169781,1.16107,1.16123,1.16107,1.16121,2531795,2531813,18,18.0,False,0.0005300000000001415,123.25581395347756,5.300000000001415,True,18.604651162802707,0.8000000000008001,0.0,0.0,0.0,1.16115,1.16115,0.0039799999999998725,39.799999999998725,7.509433962261906,0.0001,1,2,baseline,,,,,,,,,,,,,triggered_edge,25,1.16115,1.16115,True,25,2021-10-18 13:42:00+00:00,2531653,2021-10-18 13:42:00+00:00,True,True,False,False,142,0.0,2021-10-18 16:04:00+00:00,142.0,False,,True,2021-10-18 13:29:00+00:00,2531640,,,False,,769,769.0,False,,,,,,,,,,,,,,,,,,,,,,,,,False,False,Core Retail Sales m/m,Core Retail Sales m/m,USD,USD,high,high,2021-10-15T12:30:00,2021-10-15T12:30:00,2021-10-15T12:27:00,2021-10-15T12:33:00,2021-10-15T12:27:00,2021-10-15T12:33:00,-255.0,3765.0,3,2531656,True,False,True,2531654,2021-10-18 13:43:00+00:00,4.5,1.16064,1.161,True,,0.150943,-1.0,-1.0,stop_anchored,0.132075,native_fill_rules,-1.0,-0.811321,False,,50,fixed_horizon,False,,,,,,,,,,,,False,,,False,,,,,,False,,,,,,,1.0,-1.113208,default,411,Bear/Compress,Bear,Compress,Trend,1.183072591176377,below,-1.9815006577971035,1.9141064940602759,2.342,38.163992846675725,True,2021-10-18T00:00:00Z,1.0,engine,regime-1.0.0,,2026-07-09.te-v1.2-surgical-disable,DIRECTION_AWARE,policy_direction_aware,HIGH,ENABLED,EURUSD|ny_pm|choch_short,
S_1278,S_1278,entry_triggered_edge_25p0_d3,triggered_edge,1278,bearish,CHoCH,2021-11-05 12:30:00+00:00,2021-11-05 16:40:00+00:00,NY PM,2021-11-05 16:51:00+00:00,LOSS,1.15592,1.15639,1.15545,0.00046999999999997044,1.0,-1.127659574468093,-1.0,0.04255319148936438,0.08510638297872876,0.0,0.12765957446809315,-1.127659574468093,1.15587,1.15596,1.15583,1.15587,2551763,2551774,11,11.0,False,0.0005800000000000249,156.75675675677135,5.800000000000249,True,10.810810810822165,0.40000000000040004,0.0,0.0,0.0,1.15592,1.15592,0.0046000000000001595,46.00000000000159,9.787234042554147,0.0001,1,2,baseline,,,,,,,,,,,,,triggered_edge,25,1.15592,1.15592,True,25,2021-11-05 16:36:00+00:00,2551759,2021-11-05 16:36:00+00:00,True,True,False,False,4,0.0,2021-11-05 16:40:00+00:00,4.0,False,,False,,,,,False,,250,250.0,False,,,,,,,,,,news_blackout,2021-11-05 12:30:00+00:00,2021-11-05 12:27:00,2021-11-05 12:33:00,2021-11-05 12:34:00+00:00,2021-11-05 12:30:00,USD,high,,,,,,,,False,True,Non-Farm Employment Change,Non-Farm Employment Change,USD,USD,high,high,2021-11-05T12:30:00,2021-11-05T12:30:00,2021-11-05T12:27:00,2021-11-05T12:33:00,2021-11-05T12:27:00,2021-11-05T12:33:00,-300.0,0.0,3,2551762,False,False,False,,,0.6,1.15592,1.15605,False,,0.297872,-1.234043,-1.0,stop_anchored,0.297872,native_fill_rules,-1.234043,0.191489,False,,50,fixed_horizon,False,,,,,,,,,,,,False,,,False,,,,,,False,,,,,,,1.0,-1.12766,default,412,Bear/Compress,Bear,Compress,Trend,1.1797799161899003,below,-2.0563086264637906,1.1340695691462435,2.342,19.1330874350908,True,2021-11-05T00:00:00Z,1.0,engine,regime-1.0.0,,2026-07-09.te-v1.2-surgical-disable,DIRECTION_AWARE,policy_direction_aware,HIGH,ENABLED,EURUSD|ny_pm|choch_short,
S_1325,S_1325,entry_triggered_edge_25p0_d3,triggered_edge,1325,bearish,CHoCH,2022-02-10 13:30:00+00:00,2022-02-10 15:10:00+00:00,NY PM,2022-02-10 15:17:00+00:00,LOSS,1.14345,1.14473,1.1408900000000002,0.0012799999999999478,2.0,-1.046875000000002,-1.0,0.01562500000000064,0.03125000000000128,0.0,0.046875000000001915,-1.046875000000002,1.14354,1.14376,1.14336,1.14337,2650374,2650381,7,7.0,False,0.0015199999999999658,128.81355932203547,15.199999999999658,True,26.271186440681632,3.1000000000003247,0.0,0.0,0.0,1.14345,1.14345,0.005970000000000031,59.70000000000031,4.664062500000214,0.0001,1,2,baseline,,,,,,,,,,,,,triggered_edge,25,1.14345,1.14345,True,25,2022-02-10 15:07:00+00:00,2650371,2022-02-10 15:07:00+00:00,True,True,False,False,3,0.0,2022-02-10 15:10:00+00:00,3.0,False,,False,,,,,False,,100,100.0,False,,,,,,,,,,news_blackout,2022-02-10 13:30:00+00:00,2022-02-10 13:27:00,2022-02-10 13:33:00,2022-02-10 13:34:00+00:00,2022-02-10 13:30:00,USD,high,,,,,,,,False,True,CPI m/m,CPI m/m,USD,USD,high,high,2022-02-10T13:30:00,2022-02-10T13:30:00,2022-02-10T13:27:00,2022-02-10T13:33:00,2022-02-10T13:27:00,2022-02-10T13:33:00,-255.0,0.0,3,2650374,False,True,False,,,0.8,1.14331,1.14415,False,,0.226563,-1.1875,-1.0,stop_anchored,0.226563,native_fill_rules,-1.1875,0.070313,False,,50,fixed_horizon,False,,,,,,,,,,,,False,,,False,,,,,,False,,,,,,,1.0,-1.046875,default,427,Bear/Expand,Bear,Expand,Trend,1.1536092781284364,below,-0.9968087416124408,3.5469207670394214,2.342,20.063418543622614,True,2022-02-10T00:00:00Z,1.0,engine,regime-1.0.0,,2026-07-09.te-v1.2-surgical-disable,DIRECTION_AWARE,policy_direction_aware,HIGH,ENABLED,EURUSD|ny_pm|choch_short,
S_1323,S_1323,entry_triggered_edge_25p0_d3,triggered_edge,1323,bearish,CHoCH,2022-02-08 07:00:00+00:00,2022-02-10 15:30:00+00:00,NY PM,2022-02-10 15:31:00+00:00,LOSS,1.14465,1.14597,1.14201,0.0013199999999999878,2.0,-1.0454545454545459,-1.0,0.015151515151515292,0.030303030303030585,0.0,0.04545454545454588,-1.0454545454545459,1.1445,1.14542,1.14441,1.14539,2650394,2650395,1,1.0,False,0.0016599999999999948,136.0655737704915,16.599999999999948,True,63.11475409837378,7.7000000000015945,0.0,0.0,0.0,1.14465,1.14465,0.007169999999999899,71.69999999999898,5.431818181818155,0.0001,1,2,baseline,,,,,,,,,,,,,triggered_edge,25,1.14465,1.14465,True,25,2022-02-10 15:17:00+00:00,2650381,2022-02-10 15:17:00+00:00,True,True,False,False,13,0.0,2022-02-10 15:30:00+00:00,13.0,False,,True,2022-02-09 17:37:00+00:00,2649089,,,False,,3375,3390.0,False,,,,,,,,,,news_blackout,2022-02-10 13:27:00+00:00,2022-02-10 13:27:00,2022-02-10 13:33:00,2022-02-10 13:34:00+00:00,2022-02-10 13:30:00,USD,high,,,,,,,,False,False,Average Hourly Earnings m/m,CPI m/m,USD,USD,high,high,2022-02-04T13:30:00,2022-02-10T13:30:00,2022-02-04T13:27:00,2022-02-04T13:33:00,2022-02-10T13:27:00,2022-02-10T13:33:00,4275.0,-3270.0,3,2650384,True,False,True,2650382,2022-02-10 15:18:00+00:00,11.8,1.14397,1.14464,True,,0.181818,-1.257576,-1.0,stop_anchored,0.0,native_fill_rules,-1.257576,-1.05303,False,,50,fixed_horizon,False,,,,,,,,,,,,False,,,False,,,,,,False,,,,,,,1.0,-1.045455,default,428,Bear/Expand,Bear,Expand,Trend,1.1536092781284364,below,-0.9968087416124408,3.5469207670394214,2.342,20.063418543622614,True,2022-02-10T00:00:00Z,1.0,engine,regime-1.0.0,,2026-07-09.te-v1.2-surgical-disable,DIRECTION_AWARE,policy_direction_aware,HIGH,ENABLED,EURUSD|ny_pm|choch_short,
S_1437,S_1437,entry_triggered_edge_25p0_d3,triggered_edge,1437,bearish,CHoCH,2022-10-13 12:30:00+00:00,2022-10-13 15:12:00+00:00,NY PM,2022-10-13 15:17:00+00:00,LOSS,0.97353,0.97539,0.9712050000000001,0.0018599999999999728,1.25,-1.0322580645161294,-1.0,0.01075268817204317,0.02150537634408634,0.0,0.03225806451612951,-1.0322580645161294,0.97376,0.97396,0.97348,0.9736,2901521,2901526,5,5.0,False,0.0023600000000000287,134.09090909091194,23.600000000000286,True,24.431818181820763,4.300000000000415,0.0,0.0,0.0,0.97353,0.97353,0.010380000000000056,103.80000000000055,5.580645161290434,0.0001,1,2,baseline,,,,,,,,,,,,,triggered_edge,25,0.97353,0.97353,True,25,2022-10-13 15:08:00+00:00,2901517,2022-10-13 15:08:00+00:00,True,True,False,False,4,0.0,2022-10-13 15:12:00+00:00,4.0,False,,False,,,,,False,,162,162.0,False,,,,,,,,,,news_blackout,2022-10-13 12:30:00+00:00,2022-10-13 12:27:00,2022-10-13 12:33:00,2022-10-13 12:34:00+00:00,2022-10-13 12:30:00,USD,high,,,,,,,,False,True,CPI m/m,CPI m/m,USD,USD,high,high,2022-10-13T12:30:00,2022-10-13T12:30:00,2022-10-13T12:27:00,2022-10-13T12:33:00,2022-10-13T12:27:00,2022-10-13T12:33:00,-60.0,0.0,3,2901520,False,True,False,,,0.0,0.97353,0.97464,False,,0.026882,-1.268817,-1.0,stop_anchored,0.026882,native_fill_rules,-1.268817,-0.989247,False,,50,fixed_horizon,False,,,,,,,,,,,,False,,,False,,,,,,False,,,,,,,1.0,-1.032258,default,460,Bear/Chop,Bear,Expand,Chop,1.0399823504084602,below,-6.684954834200296,4.297722963819037,2.342,15.529950768041314,True,2022-10-13T00:00:00Z,1.0,engine,regime-1.0.0,,2026-07-09.te-v1.2-surgical-disable,DIRECTION_AWARE,policy_direction_aware,HIGH,ENABLED,EURUSD|ny_pm|choch_short,
S_1423,S_1423,entry_triggered_edge_25p0_d3,triggered_edge,1423,bearish,CHoCH,2022-09-13 12:30:00+00:00,2022-11-10 15:47:00+00:00,NY PM,2022-11-10 16:05:00+00:00,WIN,1.01796,1.0188,1.01691,0.0008399999999999519,1.25,1.1785714285714244,1.25,0.023809523809525175,0.04761904761905035,0.0,0.07142857142857553,1.1785714285714244,1.01779,1.01806,1.01748,1.01782,2930178,2930196,18,18.0,False,0.0005500000000000504,74.32432432433487,5.5000000000005045,False,13.513513513512704,0.9999999999998899,0.0,0.0,0.0,1.01796,1.01796,0.06438999999999995,643.8999999999994,76.65476190476623,0.0001,1,2,baseline,,,,,,,,,,,,,triggered_edge,25,1.01796,1.01796,True,25,2022-11-10 15:44:00+00:00,2930175,2022-11-10 15:44:00+00:00,True,True,False,False,3,0.0,2022-11-10 15:47:00+00:00,3.0,False,,True,2022-11-10 15:43:00+00:00,2930174,,,False,,60388,83717.0,False,,,,,,,,,,news_blackout,2022-11-10 13:57:00+00:00,2022-11-10 13:57:00,2022-11-10 14:03:00,2022-09-13 12:34:00+00:00,2022-11-10 14:00:00,USD,high,,,,,,,,False,True,CPI y/y,CPI y/y,USD,USD,high,high,2022-09-13T12:30:00,2022-09-13T12:30:00,2022-09-13T12:27:00,2022-09-13T12:33:00,2022-09-13T12:27:00,2022-09-13T12:33:00,-75.0,0.0,3,2930178,True,True,True,2930176,2022-11-10 15:45:00+00:00,1.4,1.01689,1.01785,True,,6.107143,-1.0,-1.0,stop_anchored,6.107143,native_fill_rules,-0.654762,,,,,,False,,,,,,,,,,,,False,,,False,,,,,,False,,,,,,,1.0,1.178571,default,466,Bear/Chop,Bear,Expand,Chop,1.0291883978077305,below,-2.6514482543582307,3.9479541080504466,2.342,14.775694463163402,True,2022-11-10T00:00:00Z,1.0,engine,regime-1.0.0,,2026-07-09.te-v1.2-surgical-disable,DIRECTION_AWARE,policy_direction_aware,HIGH,ENABLED,EURUSD|ny_pm|choch_short,
S_1470,S_1470,entry_triggered_edge_25p0_d3,triggered_edge,1470,bearish,CHoCH,2022-12-16 21:00:00+00:00,,NY PM,,REGIME_BLOCKED,1.06553,1.0664,1.0637900000000002,0.0008699999999999264,2.0,0.0,0.0,0.0,0.0,0.0,0.0,0.0,,,,,,,,,,,,,,,,0.0,0.0,0.0,1.06553,1.06553,0.00796000000000019,79.60000000000188,9.149425287357314,0.0001,1,2,baseline,,,,,,,,,,,,,triggered_edge,25,1.06553,,False,25,2022-12-19 09:23:00+00:00,2968570,2022-12-19 09:23:00+00:00,True,True,,False,,0.0,,,False,regime_blocked,False,,,,,True,regime_blocked,,,False,,,,,,,,,,,,,,,,,,,,,,,,,False,False,French Flash Services PMI,Flash Services PMI,EUR,USD,high,high,2022-12-16T08:15:00,2022-12-16T14:45:00,2022-12-16T08:12:00,2022-12-16T08:18:00,2022-12-16T14:42:00,2022-12-16T14:48:00,-60.0,375.0,3,2968573,False,False,False,,,3.8,1.06523,1.06576,False,,,,,,,,,,,,,,False,,,,,,,,,,,,False,,,False,,,,,,False,,,,,,,1.0,0.0,default,,Bull/Expand,Bull,Expand,Trend,1.0339115409791098,above,2.6403089567061713,3.645536385761197,2.342,53.611333328303935,True,2022-12-20T00:00:00Z,1.0,engine,regime-1.0.0,direction_mismatch,2026-07-09.te-v1.2-surgical-disable,DIRECTION_AWARE,policy_direction_aware,HIGH,ENABLED,EURUSD|ny_pm|choch_short,
S_1356,S_1356,entry_triggered_edge_25p0_d3,triggered_edge,1356,bearish,CHoCH,2022-04-22 07:00:00+00:00,,NY PM,,REGIME_BLOCKED,1.09211,1.09308,1.0901699999999996,0.0009700000000001374,2.0,0.0,0.0,0.0,0.0,0.0,0.0,0.0,,,,,,,,,,,,,,,,0.0,0.0,0.0,1.09211,1.09211,0.13853999999999989,1385.3999999999987,142.82474226802088,0.0001,1,2,baseline,,,,,,,,,,,,,triggered_edge,25,1.09211,,False,25,2023-01-23 07:05:00+00:00,3004132,2023-01-23 07:05:00+00:00,True,True,,False,,0.0,,,False,regime_blocked,False,,,,,True,regime_blocked,,,False,,,,,,,,,,news_blackout,2023-01-24 14:42:00+00:00,2023-01-24 14:42:00,2023-01-24 14:48:00,2022-04-22 07:34:00+00:00,2023-01-24 14:45:00,USD,high,,,,,,,,False,False,Fed Chairman Powell Speaks,German Flash Services PMI,USD,EUR,high,high,2022-04-21T17:00:00,2022-04-22T07:30:00,2022-04-21T16:57:00,2022-04-21T17:03:00,2022-04-22T07:27:00,2022-04-22T07:33:00,-495.0,-30.0,3,3004135,True,False,True,3004133,2023-01-23 07:06:00+00:00,13.3,1.09105,1.09159,True,,,,,,,,,,,,,,False,,,,,,,,,,,,False,,,False,,,,,,False,,,,,,,1.0,0.0,default,,Bull/Expand,Bull,Expand,Trend,1.0441500019899868,above,4.292486512914172,4.1678121989550805,2.342,40.14945381949896,True,2023-01-25T00:00:00Z,1.0,engine,regime-1.0.0,direction_mismatch,2026-07-09.te-v1.2-surgical-disable,DIRECTION_AWARE,policy_direction_aware,HIGH,ENABLED,EURUSD|ny_pm|choch_short,
S_1537,S_1537,entry_triggered_edge_25p0_d3,triggered_edge,1537,bearish,CHoCH,2023-05-02 09:15:00+00:00,,NY PM,,REGIME_BLOCKED,1.09966,1.10076,1.0974600000000003,0.0010999999999998789,2.0,0.0,0.0,0.0,0.0,0.0,0.0,0.0,,,,,,,,,,,,,,,,0.0,0.0,0.0,1.09966,1.09966,0.005440000000000111,54.400000000001114,4.945454545455191,0.0001,1,2,baseline,,,,,,,,,,,,,triggered_edge,25,1.09966,,False,25,2023-05-02 16:03:00+00:00,3106220,2023-05-02 16:03:00+00:00,True,True,,False,,0.0,,,False,regime_blocked,True,2023-05-02 15:52:00+00:00,3106209,,,True,regime_blocked,,,False,,,,,,,,,,news_blackout,2023-05-02 13:57:00+00:00,2023-05-02 13:57:00,2023-05-02 14:03:00,2023-05-02 14:04:00+00:00,2023-05-02 14:00:00,USD,high,,,,,,,,False,False,JOLTS Job Openings,JOLTS Job Openings,USD,USD,high,high,2023-05-02T14:00:00,2023-05-02T14:00:00,2023-05-02T13:57:00,2023-05-02T14:03:00,2023-05-02T13:57:00,2023-05-02T14:03:00,-405.0,-285.0,3,3106223,False,True,False,,,0.0,1.09979,1.10009,False,,,,,,,,,,,,,,False,,,,,,,,,,,,False,,,False,,,,,,False,,,,,,,1.0,0.0,default,,Bull/Compress,Bull,Compress,Trend,1.0654896686061894,above,2.9451558582318746,1.7886338224957574,2.342,27.832302865029945,True,2023-05-02T00:00:00Z,1.0,engine,regime-1.0.0,direction_mismatch,2026-07-09.te-v1.2-surgical-disable,DIRECTION_AWARE,policy_direction_aware,HIGH,ENABLED,EURUSD|ny_pm|choch_short,
S_1544,S_1544,entry_triggered_edge_25p0_d3,triggered_edge,1544,bearish,CHoCH,2023-05-12 07:45:00+00:00,,NY PM,,REGIME_BLOCKED,1.09287,1.09364,1.0913300000000001,0.0007699999999999374,2.0,0.0,0.0,0.0,0.0,0.0,0.0,0.0,,,,,,,,,,,,,,,,0.0,0.0,0.0,1.09287,1.09287,0.029349999999999987,293.4999999999999,38.1168831168862,0.0001,1,2,baseline,,,,,,,,,,,,,triggered_edge,25,1.09287,,False,25,2023-05-12 07:45:00+00:00,3117161,2023-05-12 07:45:00+00:00,True,True,,False,,0.0,,,False,regime_blocked,False,,,,,True,regime_blocked,,,False,,,,,,,,,,news_blackout,2023-06-15 12:42:00+00:00,2023-06-15 12:42:00,2023-06-15 12:48:00,2023-05-12 14:04:00+00:00,2023-06-15 12:45:00,EUR,high,,,,,,,,False,False,Prelim UoM Consumer Sentiment,Prelim UoM Consumer Sentiment,USD,USD,high,high,2023-05-12T14:00:00,2023-05-12T14:00:00,2023-05-12T13:57:00,2023-05-12T14:03:00,2023-05-12T13:57:00,2023-05-12T14:03:00,-405.0,-375.0,3,3117164,False,False,False,,,4.5,1.09247,1.09317,False,,,,,,,,,,,,,,False,,,,,,,,,,,,False,,,False,,,,,,False,,,,,,,1.0,0.0,default,,Bull/Compress,Bull,Compress,Trend,1.0704807266103125,above,1.2881384079983835,1.4243175437742637,2.342,25.62311188553378,True,2023-06-15T00:00:00Z,1.0,engine,regime-1.0.0,direction_mismatch,2026-07-09.te-v1.2-surgical-disable,DIRECTION_AWARE,policy_direction_aware,HIGH,ENABLED,EURUSD|ny_pm|choch_short,
S_1612,S_1612,entry_triggered_edge_25p0_d3,triggered_edge,1612,bearish,CHoCH,2023-09-20 19:30:00+00:00,2023-11-03 16:00:00+00:00,NY PM,2023-11-03 16:07:00+00:00,WIN,1.07334,1.07378,1.0729,0.00043999999999999595,1.0,0.8636363636363624,1.0,0.04545454545454587,0.09090909090909174,0.0,0.13636363636363763,0.8636363636363624,1.0732,1.07349,1.0732,1.07327,3296669,3296676,7,7.0,False,0.00017000000000000348,50.0,1.7000000000000348,False,44.11764705885042,1.500000000000945,0.0,0.0,0.0,1.07334,1.07334,0.028510000000000035,285.10000000000036,64.79545454545523,0.0001,1,2,baseline,,,,,,,,,,,,,triggered_edge,25,1.07334,1.07334,True,25,2023-11-03 15:56:00+00:00,3296665,2023-11-03 15:56:00+00:00,True,True,False,False,4,0.0,2023-11-03 16:00:00+00:00,4.0,False,,True,2023-11-03 15:53:00+00:00,3296662,,,False,,45720,63150.0,False,,,,,,,,,,news_blackout,2023-11-03 13:57:00+00:00,2023-11-03 13:57:00,2023-11-03 14:03:00,2023-09-21 12:34:00+00:00,2023-11-03 14:00:00,USD,high,,,,,,,,False,False,Federal Funds Rate,FOMC Press Conference,USD,USD,high,high,2023-09-20T18:00:00,2023-09-20T18:30:00,2023-09-20T17:57:00,2023-09-20T18:03:00,2023-09-20T18:27:00,2023-09-20T18:33:00,-90.0,60.0,3,3296668,False,False,False,,,1.3,1.0732,1.0735,False,,1.840909,-1.340909,-1.0,stop_anchored,1.840909,native_fill_rules,-0.386364,,,,,,False,,,,,,,,,,,,False,,,False,,,,,,False,,,,,,,1.0,0.863636,default,518,Bear/Compress,Bear,Compress,Trend,1.0737936792178848,below,-1.140226419176048,1.424823000302299,2.342,19.247219851307186,True,2023-11-03T00:00:00Z,1.0,engine,regime-1.0.0,,2026-07-09.te-v1.2-surgical-disable,DIRECTION_AWARE,policy_direction_aware,HIGH,ENABLED,EURUSD|ny_pm|choch_short,
S_1589,S_1589,entry_triggered_edge_25p0_d3,triggered_edge,1589,bearish,CHoCH,2023-08-11 12:45:00+00:00,,NY PM,,REGIME_BLOCKED,1.09953,1.10059,1.0974099999999998,0.001060000000000061,2.0,0.0,0.0,0.0,0.0,0.0,0.0,0.0,,,,,,,,,,,,,,,,0.0,0.0,0.0,1.09953,1.09953,0.05469999999999997,546.9999999999997,51.60377358490267,0.0001,1,2,baseline,,,,,,,,,,,,,triggered_edge,25,1.09953,,False,25,2023-11-28 15:42:00+00:00,3320964,2023-11-28 15:42:00+00:00,True,True,,False,,0.0,,,False,regime_blocked,True,2023-11-28 15:40:00+00:00,3320962,,,True,regime_blocked,,,False,,,,,,,,,,news_blackout,2023-11-28 14:57:00+00:00,2023-11-28 14:57:00,2023-11-28 15:03:00,2023-08-11 14:04:00+00:00,2023-11-28 15:00:00,USD,high,,,,,,,,False,False,Core PPI m/m,Core PPI m/m,USD,USD,high,high,2023-08-11T12:30:00,2023-08-11T12:30:00,2023-08-11T12:27:00,2023-08-11T12:33:00,2023-08-11T12:27:00,2023-08-11T12:33:00,-15.0,15.0,3,3320967,False,False,False,,,5.8,1.09921,1.10019,False,,,,,,,,,,,,,,False,,,,,,,,,,,,False,,,False,,,,,,False,,,,,,,1.0,0.0,default,,Bull/Expand,Bull,Expand,Trend,1.0754530943079001,above,1.9003065591858195,3.999627112042055,2.342,42.442568487966746,True,2023-11-28T00:00:00Z,1.0,engine,regime-1.0.0,direction_mismatch,2026-07-09.te-v1.2-surgical-disable,DIRECTION_AWARE,policy_direction_aware,HIGH,ENABLED,EURUSD|ny_pm|choch_short,
S_1690,S_1690,entry_triggered_edge_25p0_d3,triggered_edge,1690,bearish,CHoCH,2024-02-27 15:00:00+00:00,,NY PM,,REGIME_BLOCKED,1.08577,1.08651,1.0842899999999995,0.000740000000000185,2.0,0.0,0.0,0.0,0.0,0.0,0.0,0.0,,,,,,,,,,,,,,,,0.0,0.0,0.0,1.08577,1.08577,0.006189999999999918,61.899999999999174,8.364864864862662,0.0001,1,2,baseline,,,,,,,,,,,,,triggered_edge,25,1.08577,,False,25,2024-03-04 14:52:00+00:00,3417405,2024-03-04 14:52:00+00:00,True,True,,False,,0.0,,,False,regime_blocked,True,2024-02-27 16:50:00+00:00,3411782,,,True,regime_blocked,,,False,,,,,,,,,,news_blackout,2024-03-01 14:57:00+00:00,2024-03-01 14:57:00,2024-03-01 15:03:00,2024-02-27 15:04:00+00:00,2024-03-01 15:00:00,USD,high,,,,,,,,False,True,Durable Goods Orders m/m,CB Consumer Confidence,USD,USD,high,high,2024-02-27T13:30:00,2024-02-27T15:00:00,2024-02-27T13:27:00,2024-02-27T13:33:00,2024-02-27T14:57:00,2024-02-27T15:03:00,-300.0,0.0,3,3417408,False,True,False,,,0.0,1.086,1.08617,False,,,,,,,,,,,,,,False,,,,,,,,,,,,False,,,False,,,,,,False,,,,,,,1.0,0.0,default,,Bull/Compress,Bull,Compress,Trend,1.081561960300618,above,0.24021182278452033,1.396523512921116,2.342,19.22762822963285,True,2024-03-04T00:00:00Z,1.0,engine,regime-1.0.0,direction_mismatch,2026-07-09.te-v1.2-surgical-disable,DIRECTION_AWARE,policy_direction_aware,HIGH,ENABLED,EURUSD|ny_pm|choch_short,
S_1772,S_1772,entry_triggered_edge_25p0_d3,triggered_edge,1772,bearish,CHoCH,2024-08-08 12:30:00+00:00,,NY PM,,REGIME_BLOCKED,1.09372,1.09461,1.09194,0.0008900000000000574,2.0,0.0,0.0,0.0,0.0,0.0,0.0,0.0,,,,,,,,,,,,,,,,0.0,0.0,0.0,1.09372,1.09372,0.005579999999999918,55.79999999999918,6.269662921347819,0.0001,1,2,baseline,,,,,,,,,,,,,triggered_edge,25,1.09372,,False,25,2024-08-12 15:13:00+00:00,3581924,2024-08-12 15:13:00+00:00,True,True,,False,,0.0,,,False,regime_blocked,True,2024-08-12 15:10:00+00:00,3581921,,,True,regime_blocked,,,False,,,,,,,,,,news_blackout,2024-08-08 12:30:00+00:00,2024-08-08 12:27:00,2024-08-08 12:33:00,2024-08-08 12:34:00+00:00,2024-08-08 12:30:00,USD,high,,,,,,,,False,True,Unemployment Claims,Unemployment Claims,USD,USD,high,high,2024-08-08T12:30:00,2024-08-08T12:30:00,2024-08-08T12:27:00,2024-08-08T12:33:00,2024-08-08T12:27:00,2024-08-08T12:33:00,-330.0,0.0,3,3581927,False,False,False,,,0.9,1.09367,1.09382,False,,,,,,,,,,,,,,False,,,,,,,,,,,,False,,,False,,,,,,False,,,,,,,1.0,0.0,default,,Bull/Compress,Bull,Compress,Trend,1.0815757862980064,above,0.8963046163574598,1.6789461510646093,2.342,27.52321890699669,True,2024-08-12T00:00:00Z,1.0,engine,regime-1.0.0,direction_mismatch,2026-07-09.te-v1.2-surgical-disable,DIRECTION_AWARE,policy_direction_aware,HIGH,ENABLED,EURUSD|ny_pm|choch_short,
S_1810,S_1810,entry_triggered_edge_25p0_d3,triggered_edge,1810,bearish,CHoCH,2024-10-21 15:45:00+00:00,2024-10-30 15:54:00+00:00,NY PM,2024-10-30 16:08:00+00:00,WIN,1.0865,1.08727,1.08573,0.0007699999999999374,1.0,0.9220779220779157,1.0,0.02597402597402809,0.05194805194805618,0.0,0.07792207792208426,0.9220779220779157,1.08663,1.08663,1.08638,1.08638,3663674,3663688,14,14.0,False,0.00012999999999996348,19.402985074622908,1.2999999999996348,False,19.402985074622908,1.2999999999996348,0.0,0.0,0.0,1.0865,1.0865,0.010380000000000056,103.80000000000055,13.480519480520648,0.0001,1,2,baseline,,,,,,,,,,,,,triggered_edge,25,1.0865,1.0865,True,25,2024-10-30 15:51:00+00:00,3663671,2024-10-30 15:51:00+00:00,True,True,False,False,3,0.0,2024-10-30 15:54:00+00:00,3.0,False,,True,2024-10-30 15:44:00+00:00,3663664,,,False,,10056,12969.0,False,,,,,,,,,,news_blackout,2024-10-30 12:27:00+00:00,2024-10-30 12:27:00,2024-10-30 12:33:00,2024-10-24 07:19:00+00:00,2024-10-30 12:30:00,USD,high,,,,,,,,False,False,ECB Press Conference,French Flash Manufacturing PMI,EUR,EUR,high,high,2024-10-17T12:45:00,2024-10-24T07:15:00,2024-10-17T12:42:00,2024-10-17T12:48:00,2024-10-24T07:12:00,2024-10-24T07:18:00,4875.0,-3810.0,3,3663674,False,True,False,,,1.2,1.08653,1.08667,False,,2.714286,-1.116883,-1.0,stop_anchored,2.714286,native_fill_rules,-0.168831,,,,,,False,,,,,,,,,,,,False,,,False,,,,,,False,,,,,,,1.0,0.922078,default,567,Bear/Compress,Bear,Compress,Trend,1.091006877344326,below,-0.8283061758806701,2.3354358939077597,2.342,44.87803413188922,True,2024-10-30T00:00:00Z,1.0,engine,regime-1.0.0,,2026-07-09.te-v1.2-surgical-disable,DIRECTION_AWARE,policy_direction_aware,HIGH,ENABLED,EURUSD|ny_pm|choch_short,
S_1874,S_1874,entry_triggered_edge_25p0_d3,triggered_edge,1874,bearish,CHoCH,2025-02-19 09:30:00+00:00,2025-02-20 15:11:00+00:00,NY PM,2025-02-20 15:25:00+00:00,LOSS,1.04576,1.04623,1.04482,0.00046999999999997044,2.0,-1.127659574468093,-1.0,0.04255319148936438,0.08510638297872876,0.0,0.12765957446809315,-1.127659574468093,1.04561,1.04576,1.04543,1.04554,3777347,3777361,14,14.0,False,0.0007900000000000684,213.51351351354273,7.900000000000684,True,0.0,0.0,0.0,0.0,0.0,1.04576,1.04576,0.005670000000000064,56.700000000000635,12.063829787234937,0.0001,1,2,baseline,,,,,,,,,,,,,triggered_edge,25,1.04576,1.04576,True,25,2025-02-20 14:36:00+00:00,3777312,2025-02-20 14:36:00+00:00,True,True,False,False,35,0.0,2025-02-20 15:11:00+00:00,35.0,False,,True,2025-02-20 14:31:00+00:00,3777307,,,False,,1776,1781.0,False,,,,,,,,,,news_blackout,2025-02-20 13:27:00+00:00,2025-02-20 13:27:00,2025-02-20 13:33:00,2025-02-19 19:04:00+00:00,2025-02-20 13:30:00,USD,high,,,,,,,,False,False,President Trump Speaks,President Trump Speaks,USD,USD,high,high,2025-02-19T02:00:00,2025-02-19T02:00:00,2025-02-19T01:57:00,2025-02-19T02:03:00,2025-02-19T01:57:00,2025-02-19T02:03:00,270.0,450.0,3,3777315,False,False,False,,,2.9,1.04565,1.04605,False,,1.191489,-1.680851,-1.0,stop_anchored,1.191489,native_fill_rules,-1.680851,-0.914894,False,,50,fixed_horizon,False,,,,,,,,,,,,False,,,False,,,,,,False,,,,,,,1.0,-1.12766,default,586,Bear/Expand,Bear,Expand,Trend,1.0620028433370035,below,-1.8778521603896536,2.588786005609043,2.342,21.324406520140563,True,2025-02-20T00:00:00Z,1.0,engine,regime-1.0.0,,2026-07-09.te-v1.2-surgical-disable,DIRECTION_AWARE,policy_direction_aware,HIGH,ENABLED,EURUSD|ny_pm|choch_short,
S_1934,S_1934,entry_triggered_edge_25p0_d3,triggered_edge,1934,bearish,CHoCH,2025-07-10 14:00:00+00:00,,NY PM,,REGIME_BLOCKED,1.17436,1.17504,1.173,0.0006800000000000139,2.0,0.0,0.0,0.0,0.0,0.0,0.0,0.0,,,,,,,,,,,,,,,,0.0,0.0,0.0,1.17436,1.17436,0.01870000000000016,187.0000000000016,27.499999999999673,0.0001,1,2,baseline,,,,,,,,,,,,,triggered_edge,25,1.17436,,False,25,2025-07-22 15:37:00+00:00,3932631,2025-07-22 15:37:00+00:00,True,True,,False,,0.0,,,False,regime_blocked,False,,,,,True,regime_blocked,,,False,,,,,,,,,,news_blackout,2025-07-17 12:27:00+00:00,2025-07-17 12:27:00,2025-07-17 12:33:00,2025-07-15 12:34:00+00:00,2025-07-17 12:30:00,USD,high,,,,,,,,False,False,FOMC Meeting Minutes,Unemployment Claims,USD,USD,high,high,2025-07-09T18:00:00,2025-07-10T12:30:00,2025-07-09T17:57:00,2025-07-09T18:03:00,2025-07-10T12:27:00,2025-07-10T12:33:00,390.0,90.0,3,3932634,False,True,False,,,2.5,1.17427,1.17462,False,,,,,,,,,,,,,,False,,,,,,,,,,,,False,,,False,,,,,,False,,,,,,,1.0,0.0,default,,Bull/Compress,Bull,Compress,Trend,1.115416719919482,above,4.844223608591647,2.2186869677308914,2.342,21.902542059860593,True,2025-07-22T00:00:00Z,1.0,engine,regime-1.0.0,direction_mismatch,2026-07-09.te-v1.2-surgical-disable,DIRECTION_AWARE,policy_direction_aware,HIGH,ENABLED,EURUSD|ny_pm|choch_short,
S_1946,S_1946,entry_triggered_edge_25p0_d3,triggered_edge,1946,bearish,CHoCH,2025-08-05 05:30:00+00:00,,NY PM,,REGIME_BLOCKED,1.15808,1.15895,1.1563400000000001,0.0008699999999999264,2.0,0.0,0.0,0.0,0.0,0.0,0.0,0.0,,,,,,,,,,,,,,,,0.0,0.0,0.0,1.15808,1.15808,0.005309999999999926,53.099999999999255,6.1034482758625,0.0001,1,2,baseline,,,,,,,,,,,,,triggered_edge,25,1.15808,,False,25,2025-08-05 15:22:00+00:00,3946992,2025-08-05 15:22:00+00:00,True,True,,False,,0.0,,,False,regime_blocked,True,2025-08-05 15:21:00+00:00,3946991,,,True,regime_blocked,,,False,,,,,,,,,,news_blackout,2025-08-05 13:57:00+00:00,2025-08-05 13:57:00,2025-08-05 14:03:00,2025-08-05 14:04:00+00:00,2025-08-05 14:00:00,USD,high,,,,,,,,False,False,ISM Services PMI,ISM Services PMI,USD,USD,high,high,2025-08-05T14:00:00,2025-08-05T14:00:00,2025-08-05T13:57:00,2025-08-05T14:03:00,2025-08-05T13:57:00,2025-08-05T14:03:00,-1485.0,-510.0,3,3946995,False,False,False,,,2.0,1.15784,1.1582,False,,,,,,,,,,,,,,False,,,,,,,,,,,,False,,,False,,,,,,False,,,,,,,1.0,0.0,default,,Bull/Expand,Bull,Expand,Trend,1.1207180418241507,above,3.3605203780380224,3.365728413563615,2.342,23.120790332186633,True,2025-08-05T00:00:00Z,1.0,engine,regime-1.0.0,direction_mismatch,2026-07-09.te-v1.2-surgical-disable,DIRECTION_AWARE,policy_direction_aware,HIGH,ENABLED,EURUSD|ny_pm|choch_short,
